-- ============================================================
-- 朝ヨガサークル 大量メンバー追加（100人）
-- 朝ヨガサークル (e2e00000-0000-4000-a000-000000000202) に100人のテストユーザーを追加
-- ============================================================
-- 実行: cd backend && PGPASSWORD=app_password psql -h localhost -p 5432 -U app_user -d tsunaca -f infra/database/seeds/testdata/yoga-bulk-members.sql
-- 削除: 末尾のDELETE文をコメント解除して実行

BEGIN;

-- ============================================================
-- 1. テストユーザー 100人作成
--    ID: e2e00000-0000-4000-a000-000000001001 ~ e2e00000-0000-4000-a000-000000001100
--    パスワード: Test1234! (共通ハッシュ)
-- ============================================================

INSERT INTO "User" ("id", "displayName", "plan", "email", "avatarUrl", "biography", "notificationSetting", "createdAt", "updatedAt")
VALUES
  ('e2e00000-0000-4000-a000-000000001001', 'YogaUser001', 'FREE', 'yoga-bulk-001@test.com', NULL, 'ヨガ大量テストユーザー 001', '{}', NOW() - INTERVAL '14 days', NOW()),
  ('e2e00000-0000-4000-a000-000000001002', 'YogaUser002', 'FREE', 'yoga-bulk-002@test.com', NULL, 'ヨガ大量テストユーザー 002', '{}', NOW() - INTERVAL '14 days', NOW()),
  ('e2e00000-0000-4000-a000-000000001003', 'YogaUser003', 'FREE', 'yoga-bulk-003@test.com', NULL, 'ヨガ大量テストユーザー 003', '{}', NOW() - INTERVAL '14 days', NOW()),
  ('e2e00000-0000-4000-a000-000000001004', 'YogaUser004', 'FREE', 'yoga-bulk-004@test.com', NULL, 'ヨガ大量テストユーザー 004', '{}', NOW() - INTERVAL '14 days', NOW()),
  ('e2e00000-0000-4000-a000-000000001005', 'YogaUser005', 'FREE', 'yoga-bulk-005@test.com', NULL, 'ヨガ大量テストユーザー 005', '{}', NOW() - INTERVAL '14 days', NOW()),
  ('e2e00000-0000-4000-a000-000000001006', 'YogaUser006', 'FREE', 'yoga-bulk-006@test.com', NULL, 'ヨガ大量テストユーザー 006', '{}', NOW() - INTERVAL '14 days', NOW()),
  ('e2e00000-0000-4000-a000-000000001007', 'YogaUser007', 'FREE', 'yoga-bulk-007@test.com', NULL, 'ヨガ大量テストユーザー 007', '{}', NOW() - INTERVAL '14 days', NOW()),
  ('e2e00000-0000-4000-a000-000000001008', 'YogaUser008', 'FREE', 'yoga-bulk-008@test.com', NULL, 'ヨガ大量テストユーザー 008', '{}', NOW() - INTERVAL '14 days', NOW()),
  ('e2e00000-0000-4000-a000-000000001009', 'YogaUser009', 'FREE', 'yoga-bulk-009@test.com', NULL, 'ヨガ大量テストユーザー 009', '{}', NOW() - INTERVAL '14 days', NOW()),
  ('e2e00000-0000-4000-a000-000000001010', 'YogaUser010', 'FREE', 'yoga-bulk-010@test.com', NULL, 'ヨガ大量テストユーザー 010', '{}', NOW() - INTERVAL '14 days', NOW()),
  ('e2e00000-0000-4000-a000-000000001011', 'YogaUser011', 'FREE', 'yoga-bulk-011@test.com', NULL, 'ヨガ大量テストユーザー 011', '{}', NOW() - INTERVAL '13 days', NOW()),
  ('e2e00000-0000-4000-a000-000000001012', 'YogaUser012', 'FREE', 'yoga-bulk-012@test.com', NULL, 'ヨガ大量テストユーザー 012', '{}', NOW() - INTERVAL '13 days', NOW()),
  ('e2e00000-0000-4000-a000-000000001013', 'YogaUser013', 'FREE', 'yoga-bulk-013@test.com', NULL, 'ヨガ大量テストユーザー 013', '{}', NOW() - INTERVAL '13 days', NOW()),
  ('e2e00000-0000-4000-a000-000000001014', 'YogaUser014', 'FREE', 'yoga-bulk-014@test.com', NULL, 'ヨガ大量テストユーザー 014', '{}', NOW() - INTERVAL '13 days', NOW()),
  ('e2e00000-0000-4000-a000-000000001015', 'YogaUser015', 'FREE', 'yoga-bulk-015@test.com', NULL, 'ヨガ大量テストユーザー 015', '{}', NOW() - INTERVAL '13 days', NOW()),
  ('e2e00000-0000-4000-a000-000000001016', 'YogaUser016', 'FREE', 'yoga-bulk-016@test.com', NULL, 'ヨガ大量テストユーザー 016', '{}', NOW() - INTERVAL '13 days', NOW()),
  ('e2e00000-0000-4000-a000-000000001017', 'YogaUser017', 'FREE', 'yoga-bulk-017@test.com', NULL, 'ヨガ大量テストユーザー 017', '{}', NOW() - INTERVAL '13 days', NOW()),
  ('e2e00000-0000-4000-a000-000000001018', 'YogaUser018', 'FREE', 'yoga-bulk-018@test.com', NULL, 'ヨガ大量テストユーザー 018', '{}', NOW() - INTERVAL '13 days', NOW()),
  ('e2e00000-0000-4000-a000-000000001019', 'YogaUser019', 'FREE', 'yoga-bulk-019@test.com', NULL, 'ヨガ大量テストユーザー 019', '{}', NOW() - INTERVAL '13 days', NOW()),
  ('e2e00000-0000-4000-a000-000000001020', 'YogaUser020', 'FREE', 'yoga-bulk-020@test.com', NULL, 'ヨガ大量テストユーザー 020', '{}', NOW() - INTERVAL '13 days', NOW()),
  ('e2e00000-0000-4000-a000-000000001021', 'YogaUser021', 'FREE', 'yoga-bulk-021@test.com', NULL, 'ヨガ大量テストユーザー 021', '{}', NOW() - INTERVAL '12 days', NOW()),
  ('e2e00000-0000-4000-a000-000000001022', 'YogaUser022', 'FREE', 'yoga-bulk-022@test.com', NULL, 'ヨガ大量テストユーザー 022', '{}', NOW() - INTERVAL '12 days', NOW()),
  ('e2e00000-0000-4000-a000-000000001023', 'YogaUser023', 'FREE', 'yoga-bulk-023@test.com', NULL, 'ヨガ大量テストユーザー 023', '{}', NOW() - INTERVAL '12 days', NOW()),
  ('e2e00000-0000-4000-a000-000000001024', 'YogaUser024', 'FREE', 'yoga-bulk-024@test.com', NULL, 'ヨガ大量テストユーザー 024', '{}', NOW() - INTERVAL '12 days', NOW()),
  ('e2e00000-0000-4000-a000-000000001025', 'YogaUser025', 'FREE', 'yoga-bulk-025@test.com', NULL, 'ヨガ大量テストユーザー 025', '{}', NOW() - INTERVAL '12 days', NOW()),
  ('e2e00000-0000-4000-a000-000000001026', 'YogaUser026', 'FREE', 'yoga-bulk-026@test.com', NULL, 'ヨガ大量テストユーザー 026', '{}', NOW() - INTERVAL '12 days', NOW()),
  ('e2e00000-0000-4000-a000-000000001027', 'YogaUser027', 'FREE', 'yoga-bulk-027@test.com', NULL, 'ヨガ大量テストユーザー 027', '{}', NOW() - INTERVAL '12 days', NOW()),
  ('e2e00000-0000-4000-a000-000000001028', 'YogaUser028', 'FREE', 'yoga-bulk-028@test.com', NULL, 'ヨガ大量テストユーザー 028', '{}', NOW() - INTERVAL '12 days', NOW()),
  ('e2e00000-0000-4000-a000-000000001029', 'YogaUser029', 'FREE', 'yoga-bulk-029@test.com', NULL, 'ヨガ大量テストユーザー 029', '{}', NOW() - INTERVAL '12 days', NOW()),
  ('e2e00000-0000-4000-a000-000000001030', 'YogaUser030', 'FREE', 'yoga-bulk-030@test.com', NULL, 'ヨガ大量テストユーザー 030', '{}', NOW() - INTERVAL '12 days', NOW()),
  ('e2e00000-0000-4000-a000-000000001031', 'YogaUser031', 'FREE', 'yoga-bulk-031@test.com', NULL, 'ヨガ大量テストユーザー 031', '{}', NOW() - INTERVAL '11 days', NOW()),
  ('e2e00000-0000-4000-a000-000000001032', 'YogaUser032', 'FREE', 'yoga-bulk-032@test.com', NULL, 'ヨガ大量テストユーザー 032', '{}', NOW() - INTERVAL '11 days', NOW()),
  ('e2e00000-0000-4000-a000-000000001033', 'YogaUser033', 'FREE', 'yoga-bulk-033@test.com', NULL, 'ヨガ大量テストユーザー 033', '{}', NOW() - INTERVAL '11 days', NOW()),
  ('e2e00000-0000-4000-a000-000000001034', 'YogaUser034', 'FREE', 'yoga-bulk-034@test.com', NULL, 'ヨガ大量テストユーザー 034', '{}', NOW() - INTERVAL '11 days', NOW()),
  ('e2e00000-0000-4000-a000-000000001035', 'YogaUser035', 'FREE', 'yoga-bulk-035@test.com', NULL, 'ヨガ大量テストユーザー 035', '{}', NOW() - INTERVAL '11 days', NOW()),
  ('e2e00000-0000-4000-a000-000000001036', 'YogaUser036', 'FREE', 'yoga-bulk-036@test.com', NULL, 'ヨガ大量テストユーザー 036', '{}', NOW() - INTERVAL '11 days', NOW()),
  ('e2e00000-0000-4000-a000-000000001037', 'YogaUser037', 'FREE', 'yoga-bulk-037@test.com', NULL, 'ヨガ大量テストユーザー 037', '{}', NOW() - INTERVAL '11 days', NOW()),
  ('e2e00000-0000-4000-a000-000000001038', 'YogaUser038', 'FREE', 'yoga-bulk-038@test.com', NULL, 'ヨガ大量テストユーザー 038', '{}', NOW() - INTERVAL '11 days', NOW()),
  ('e2e00000-0000-4000-a000-000000001039', 'YogaUser039', 'FREE', 'yoga-bulk-039@test.com', NULL, 'ヨガ大量テストユーザー 039', '{}', NOW() - INTERVAL '11 days', NOW()),
  ('e2e00000-0000-4000-a000-000000001040', 'YogaUser040', 'FREE', 'yoga-bulk-040@test.com', NULL, 'ヨガ大量テストユーザー 040', '{}', NOW() - INTERVAL '11 days', NOW()),
  ('e2e00000-0000-4000-a000-000000001041', 'YogaUser041', 'FREE', 'yoga-bulk-041@test.com', NULL, 'ヨガ大量テストユーザー 041', '{}', NOW() - INTERVAL '10 days', NOW()),
  ('e2e00000-0000-4000-a000-000000001042', 'YogaUser042', 'FREE', 'yoga-bulk-042@test.com', NULL, 'ヨガ大量テストユーザー 042', '{}', NOW() - INTERVAL '10 days', NOW()),
  ('e2e00000-0000-4000-a000-000000001043', 'YogaUser043', 'FREE', 'yoga-bulk-043@test.com', NULL, 'ヨガ大量テストユーザー 043', '{}', NOW() - INTERVAL '10 days', NOW()),
  ('e2e00000-0000-4000-a000-000000001044', 'YogaUser044', 'FREE', 'yoga-bulk-044@test.com', NULL, 'ヨガ大量テストユーザー 044', '{}', NOW() - INTERVAL '10 days', NOW()),
  ('e2e00000-0000-4000-a000-000000001045', 'YogaUser045', 'FREE', 'yoga-bulk-045@test.com', NULL, 'ヨガ大量テストユーザー 045', '{}', NOW() - INTERVAL '10 days', NOW()),
  ('e2e00000-0000-4000-a000-000000001046', 'YogaUser046', 'FREE', 'yoga-bulk-046@test.com', NULL, 'ヨガ大量テストユーザー 046', '{}', NOW() - INTERVAL '10 days', NOW()),
  ('e2e00000-0000-4000-a000-000000001047', 'YogaUser047', 'FREE', 'yoga-bulk-047@test.com', NULL, 'ヨガ大量テストユーザー 047', '{}', NOW() - INTERVAL '10 days', NOW()),
  ('e2e00000-0000-4000-a000-000000001048', 'YogaUser048', 'FREE', 'yoga-bulk-048@test.com', NULL, 'ヨガ大量テストユーザー 048', '{}', NOW() - INTERVAL '10 days', NOW()),
  ('e2e00000-0000-4000-a000-000000001049', 'YogaUser049', 'FREE', 'yoga-bulk-049@test.com', NULL, 'ヨガ大量テストユーザー 049', '{}', NOW() - INTERVAL '10 days', NOW()),
  ('e2e00000-0000-4000-a000-000000001050', 'YogaUser050', 'FREE', 'yoga-bulk-050@test.com', NULL, 'ヨガ大量テストユーザー 050', '{}', NOW() - INTERVAL '10 days', NOW()),
  ('e2e00000-0000-4000-a000-000000001051', 'YogaUser051', 'FREE', 'yoga-bulk-051@test.com', NULL, 'ヨガ大量テストユーザー 051', '{}', NOW() - INTERVAL '9 days', NOW()),
  ('e2e00000-0000-4000-a000-000000001052', 'YogaUser052', 'FREE', 'yoga-bulk-052@test.com', NULL, 'ヨガ大量テストユーザー 052', '{}', NOW() - INTERVAL '9 days', NOW()),
  ('e2e00000-0000-4000-a000-000000001053', 'YogaUser053', 'FREE', 'yoga-bulk-053@test.com', NULL, 'ヨガ大量テストユーザー 053', '{}', NOW() - INTERVAL '9 days', NOW()),
  ('e2e00000-0000-4000-a000-000000001054', 'YogaUser054', 'FREE', 'yoga-bulk-054@test.com', NULL, 'ヨガ大量テストユーザー 054', '{}', NOW() - INTERVAL '9 days', NOW()),
  ('e2e00000-0000-4000-a000-000000001055', 'YogaUser055', 'FREE', 'yoga-bulk-055@test.com', NULL, 'ヨガ大量テストユーザー 055', '{}', NOW() - INTERVAL '9 days', NOW()),
  ('e2e00000-0000-4000-a000-000000001056', 'YogaUser056', 'FREE', 'yoga-bulk-056@test.com', NULL, 'ヨガ大量テストユーザー 056', '{}', NOW() - INTERVAL '9 days', NOW()),
  ('e2e00000-0000-4000-a000-000000001057', 'YogaUser057', 'FREE', 'yoga-bulk-057@test.com', NULL, 'ヨガ大量テストユーザー 057', '{}', NOW() - INTERVAL '9 days', NOW()),
  ('e2e00000-0000-4000-a000-000000001058', 'YogaUser058', 'FREE', 'yoga-bulk-058@test.com', NULL, 'ヨガ大量テストユーザー 058', '{}', NOW() - INTERVAL '9 days', NOW()),
  ('e2e00000-0000-4000-a000-000000001059', 'YogaUser059', 'FREE', 'yoga-bulk-059@test.com', NULL, 'ヨガ大量テストユーザー 059', '{}', NOW() - INTERVAL '9 days', NOW()),
  ('e2e00000-0000-4000-a000-000000001060', 'YogaUser060', 'FREE', 'yoga-bulk-060@test.com', NULL, 'ヨガ大量テストユーザー 060', '{}', NOW() - INTERVAL '9 days', NOW()),
  ('e2e00000-0000-4000-a000-000000001061', 'YogaUser061', 'FREE', 'yoga-bulk-061@test.com', NULL, 'ヨガ大量テストユーザー 061', '{}', NOW() - INTERVAL '8 days', NOW()),
  ('e2e00000-0000-4000-a000-000000001062', 'YogaUser062', 'FREE', 'yoga-bulk-062@test.com', NULL, 'ヨガ大量テストユーザー 062', '{}', NOW() - INTERVAL '8 days', NOW()),
  ('e2e00000-0000-4000-a000-000000001063', 'YogaUser063', 'FREE', 'yoga-bulk-063@test.com', NULL, 'ヨガ大量テストユーザー 063', '{}', NOW() - INTERVAL '8 days', NOW()),
  ('e2e00000-0000-4000-a000-000000001064', 'YogaUser064', 'FREE', 'yoga-bulk-064@test.com', NULL, 'ヨガ大量テストユーザー 064', '{}', NOW() - INTERVAL '8 days', NOW()),
  ('e2e00000-0000-4000-a000-000000001065', 'YogaUser065', 'FREE', 'yoga-bulk-065@test.com', NULL, 'ヨガ大量テストユーザー 065', '{}', NOW() - INTERVAL '8 days', NOW()),
  ('e2e00000-0000-4000-a000-000000001066', 'YogaUser066', 'FREE', 'yoga-bulk-066@test.com', NULL, 'ヨガ大量テストユーザー 066', '{}', NOW() - INTERVAL '8 days', NOW()),
  ('e2e00000-0000-4000-a000-000000001067', 'YogaUser067', 'FREE', 'yoga-bulk-067@test.com', NULL, 'ヨガ大量テストユーザー 067', '{}', NOW() - INTERVAL '8 days', NOW()),
  ('e2e00000-0000-4000-a000-000000001068', 'YogaUser068', 'FREE', 'yoga-bulk-068@test.com', NULL, 'ヨガ大量テストユーザー 068', '{}', NOW() - INTERVAL '8 days', NOW()),
  ('e2e00000-0000-4000-a000-000000001069', 'YogaUser069', 'FREE', 'yoga-bulk-069@test.com', NULL, 'ヨガ大量テストユーザー 069', '{}', NOW() - INTERVAL '8 days', NOW()),
  ('e2e00000-0000-4000-a000-000000001070', 'YogaUser070', 'FREE', 'yoga-bulk-070@test.com', NULL, 'ヨガ大量テストユーザー 070', '{}', NOW() - INTERVAL '8 days', NOW()),
  ('e2e00000-0000-4000-a000-000000001071', 'YogaUser071', 'FREE', 'yoga-bulk-071@test.com', NULL, 'ヨガ大量テストユーザー 071', '{}', NOW() - INTERVAL '7 days', NOW()),
  ('e2e00000-0000-4000-a000-000000001072', 'YogaUser072', 'FREE', 'yoga-bulk-072@test.com', NULL, 'ヨガ大量テストユーザー 072', '{}', NOW() - INTERVAL '7 days', NOW()),
  ('e2e00000-0000-4000-a000-000000001073', 'YogaUser073', 'FREE', 'yoga-bulk-073@test.com', NULL, 'ヨガ大量テストユーザー 073', '{}', NOW() - INTERVAL '7 days', NOW()),
  ('e2e00000-0000-4000-a000-000000001074', 'YogaUser074', 'FREE', 'yoga-bulk-074@test.com', NULL, 'ヨガ大量テストユーザー 074', '{}', NOW() - INTERVAL '7 days', NOW()),
  ('e2e00000-0000-4000-a000-000000001075', 'YogaUser075', 'FREE', 'yoga-bulk-075@test.com', NULL, 'ヨガ大量テストユーザー 075', '{}', NOW() - INTERVAL '7 days', NOW()),
  ('e2e00000-0000-4000-a000-000000001076', 'YogaUser076', 'FREE', 'yoga-bulk-076@test.com', NULL, 'ヨガ大量テストユーザー 076', '{}', NOW() - INTERVAL '7 days', NOW()),
  ('e2e00000-0000-4000-a000-000000001077', 'YogaUser077', 'FREE', 'yoga-bulk-077@test.com', NULL, 'ヨガ大量テストユーザー 077', '{}', NOW() - INTERVAL '7 days', NOW()),
  ('e2e00000-0000-4000-a000-000000001078', 'YogaUser078', 'FREE', 'yoga-bulk-078@test.com', NULL, 'ヨガ大量テストユーザー 078', '{}', NOW() - INTERVAL '7 days', NOW()),
  ('e2e00000-0000-4000-a000-000000001079', 'YogaUser079', 'FREE', 'yoga-bulk-079@test.com', NULL, 'ヨガ大量テストユーザー 079', '{}', NOW() - INTERVAL '7 days', NOW()),
  ('e2e00000-0000-4000-a000-000000001080', 'YogaUser080', 'FREE', 'yoga-bulk-080@test.com', NULL, 'ヨガ大量テストユーザー 080', '{}', NOW() - INTERVAL '7 days', NOW()),
  ('e2e00000-0000-4000-a000-000000001081', 'YogaUser081', 'FREE', 'yoga-bulk-081@test.com', NULL, 'ヨガ大量テストユーザー 081', '{}', NOW() - INTERVAL '6 days', NOW()),
  ('e2e00000-0000-4000-a000-000000001082', 'YogaUser082', 'FREE', 'yoga-bulk-082@test.com', NULL, 'ヨガ大量テストユーザー 082', '{}', NOW() - INTERVAL '6 days', NOW()),
  ('e2e00000-0000-4000-a000-000000001083', 'YogaUser083', 'FREE', 'yoga-bulk-083@test.com', NULL, 'ヨガ大量テストユーザー 083', '{}', NOW() - INTERVAL '6 days', NOW()),
  ('e2e00000-0000-4000-a000-000000001084', 'YogaUser084', 'FREE', 'yoga-bulk-084@test.com', NULL, 'ヨガ大量テストユーザー 084', '{}', NOW() - INTERVAL '6 days', NOW()),
  ('e2e00000-0000-4000-a000-000000001085', 'YogaUser085', 'FREE', 'yoga-bulk-085@test.com', NULL, 'ヨガ大量テストユーザー 085', '{}', NOW() - INTERVAL '6 days', NOW()),
  ('e2e00000-0000-4000-a000-000000001086', 'YogaUser086', 'FREE', 'yoga-bulk-086@test.com', NULL, 'ヨガ大量テストユーザー 086', '{}', NOW() - INTERVAL '6 days', NOW()),
  ('e2e00000-0000-4000-a000-000000001087', 'YogaUser087', 'FREE', 'yoga-bulk-087@test.com', NULL, 'ヨガ大量テストユーザー 087', '{}', NOW() - INTERVAL '6 days', NOW()),
  ('e2e00000-0000-4000-a000-000000001088', 'YogaUser088', 'FREE', 'yoga-bulk-088@test.com', NULL, 'ヨガ大量テストユーザー 088', '{}', NOW() - INTERVAL '6 days', NOW()),
  ('e2e00000-0000-4000-a000-000000001089', 'YogaUser089', 'FREE', 'yoga-bulk-089@test.com', NULL, 'ヨガ大量テストユーザー 089', '{}', NOW() - INTERVAL '6 days', NOW()),
  ('e2e00000-0000-4000-a000-000000001090', 'YogaUser090', 'FREE', 'yoga-bulk-090@test.com', NULL, 'ヨガ大量テストユーザー 090', '{}', NOW() - INTERVAL '6 days', NOW()),
  ('e2e00000-0000-4000-a000-000000001091', 'YogaUser091', 'FREE', 'yoga-bulk-091@test.com', NULL, 'ヨガ大量テストユーザー 091', '{}', NOW() - INTERVAL '5 days', NOW()),
  ('e2e00000-0000-4000-a000-000000001092', 'YogaUser092', 'FREE', 'yoga-bulk-092@test.com', NULL, 'ヨガ大量テストユーザー 092', '{}', NOW() - INTERVAL '5 days', NOW()),
  ('e2e00000-0000-4000-a000-000000001093', 'YogaUser093', 'FREE', 'yoga-bulk-093@test.com', NULL, 'ヨガ大量テストユーザー 093', '{}', NOW() - INTERVAL '5 days', NOW()),
  ('e2e00000-0000-4000-a000-000000001094', 'YogaUser094', 'FREE', 'yoga-bulk-094@test.com', NULL, 'ヨガ大量テストユーザー 094', '{}', NOW() - INTERVAL '5 days', NOW()),
  ('e2e00000-0000-4000-a000-000000001095', 'YogaUser095', 'FREE', 'yoga-bulk-095@test.com', NULL, 'ヨガ大量テストユーザー 095', '{}', NOW() - INTERVAL '5 days', NOW()),
  ('e2e00000-0000-4000-a000-000000001096', 'YogaUser096', 'FREE', 'yoga-bulk-096@test.com', NULL, 'ヨガ大量テストユーザー 096', '{}', NOW() - INTERVAL '5 days', NOW()),
  ('e2e00000-0000-4000-a000-000000001097', 'YogaUser097', 'FREE', 'yoga-bulk-097@test.com', NULL, 'ヨガ大量テストユーザー 097', '{}', NOW() - INTERVAL '5 days', NOW()),
  ('e2e00000-0000-4000-a000-000000001098', 'YogaUser098', 'FREE', 'yoga-bulk-098@test.com', NULL, 'ヨガ大量テストユーザー 098', '{}', NOW() - INTERVAL '5 days', NOW()),
  ('e2e00000-0000-4000-a000-000000001099', 'YogaUser099', 'FREE', 'yoga-bulk-099@test.com', NULL, 'ヨガ大量テストユーザー 099', '{}', NOW() - INTERVAL '5 days', NOW()),
  ('e2e00000-0000-4000-a000-000000001100', 'YogaUser100', 'FREE', 'yoga-bulk-100@test.com', NULL, 'ヨガ大量テストユーザー 100', '{}', NOW() - INTERVAL '5 days', NOW())
ON CONFLICT ("id") DO NOTHING;

-- ============================================================
-- 2. パスワード認証情報（共通パスワード: Test1234!）
-- ============================================================

INSERT INTO "PasswordCredential" ("userId", "hashedPassword", "createdAt", "updatedAt")
VALUES
  ('e2e00000-0000-4000-a000-000000001001', '$2b$10$/v0yU0NLpEk7tep3BkuWIedxeUksLil3sh6ffw81LmEH.jbdar/Hu', NOW(), NOW()),
  ('e2e00000-0000-4000-a000-000000001002', '$2b$10$/v0yU0NLpEk7tep3BkuWIedxeUksLil3sh6ffw81LmEH.jbdar/Hu', NOW(), NOW()),
  ('e2e00000-0000-4000-a000-000000001003', '$2b$10$/v0yU0NLpEk7tep3BkuWIedxeUksLil3sh6ffw81LmEH.jbdar/Hu', NOW(), NOW()),
  ('e2e00000-0000-4000-a000-000000001004', '$2b$10$/v0yU0NLpEk7tep3BkuWIedxeUksLil3sh6ffw81LmEH.jbdar/Hu', NOW(), NOW()),
  ('e2e00000-0000-4000-a000-000000001005', '$2b$10$/v0yU0NLpEk7tep3BkuWIedxeUksLil3sh6ffw81LmEH.jbdar/Hu', NOW(), NOW()),
  ('e2e00000-0000-4000-a000-000000001006', '$2b$10$/v0yU0NLpEk7tep3BkuWIedxeUksLil3sh6ffw81LmEH.jbdar/Hu', NOW(), NOW()),
  ('e2e00000-0000-4000-a000-000000001007', '$2b$10$/v0yU0NLpEk7tep3BkuWIedxeUksLil3sh6ffw81LmEH.jbdar/Hu', NOW(), NOW()),
  ('e2e00000-0000-4000-a000-000000001008', '$2b$10$/v0yU0NLpEk7tep3BkuWIedxeUksLil3sh6ffw81LmEH.jbdar/Hu', NOW(), NOW()),
  ('e2e00000-0000-4000-a000-000000001009', '$2b$10$/v0yU0NLpEk7tep3BkuWIedxeUksLil3sh6ffw81LmEH.jbdar/Hu', NOW(), NOW()),
  ('e2e00000-0000-4000-a000-000000001010', '$2b$10$/v0yU0NLpEk7tep3BkuWIedxeUksLil3sh6ffw81LmEH.jbdar/Hu', NOW(), NOW()),
  ('e2e00000-0000-4000-a000-000000001011', '$2b$10$/v0yU0NLpEk7tep3BkuWIedxeUksLil3sh6ffw81LmEH.jbdar/Hu', NOW(), NOW()),
  ('e2e00000-0000-4000-a000-000000001012', '$2b$10$/v0yU0NLpEk7tep3BkuWIedxeUksLil3sh6ffw81LmEH.jbdar/Hu', NOW(), NOW()),
  ('e2e00000-0000-4000-a000-000000001013', '$2b$10$/v0yU0NLpEk7tep3BkuWIedxeUksLil3sh6ffw81LmEH.jbdar/Hu', NOW(), NOW()),
  ('e2e00000-0000-4000-a000-000000001014', '$2b$10$/v0yU0NLpEk7tep3BkuWIedxeUksLil3sh6ffw81LmEH.jbdar/Hu', NOW(), NOW()),
  ('e2e00000-0000-4000-a000-000000001015', '$2b$10$/v0yU0NLpEk7tep3BkuWIedxeUksLil3sh6ffw81LmEH.jbdar/Hu', NOW(), NOW()),
  ('e2e00000-0000-4000-a000-000000001016', '$2b$10$/v0yU0NLpEk7tep3BkuWIedxeUksLil3sh6ffw81LmEH.jbdar/Hu', NOW(), NOW()),
  ('e2e00000-0000-4000-a000-000000001017', '$2b$10$/v0yU0NLpEk7tep3BkuWIedxeUksLil3sh6ffw81LmEH.jbdar/Hu', NOW(), NOW()),
  ('e2e00000-0000-4000-a000-000000001018', '$2b$10$/v0yU0NLpEk7tep3BkuWIedxeUksLil3sh6ffw81LmEH.jbdar/Hu', NOW(), NOW()),
  ('e2e00000-0000-4000-a000-000000001019', '$2b$10$/v0yU0NLpEk7tep3BkuWIedxeUksLil3sh6ffw81LmEH.jbdar/Hu', NOW(), NOW()),
  ('e2e00000-0000-4000-a000-000000001020', '$2b$10$/v0yU0NLpEk7tep3BkuWIedxeUksLil3sh6ffw81LmEH.jbdar/Hu', NOW(), NOW()),
  ('e2e00000-0000-4000-a000-000000001021', '$2b$10$/v0yU0NLpEk7tep3BkuWIedxeUksLil3sh6ffw81LmEH.jbdar/Hu', NOW(), NOW()),
  ('e2e00000-0000-4000-a000-000000001022', '$2b$10$/v0yU0NLpEk7tep3BkuWIedxeUksLil3sh6ffw81LmEH.jbdar/Hu', NOW(), NOW()),
  ('e2e00000-0000-4000-a000-000000001023', '$2b$10$/v0yU0NLpEk7tep3BkuWIedxeUksLil3sh6ffw81LmEH.jbdar/Hu', NOW(), NOW()),
  ('e2e00000-0000-4000-a000-000000001024', '$2b$10$/v0yU0NLpEk7tep3BkuWIedxeUksLil3sh6ffw81LmEH.jbdar/Hu', NOW(), NOW()),
  ('e2e00000-0000-4000-a000-000000001025', '$2b$10$/v0yU0NLpEk7tep3BkuWIedxeUksLil3sh6ffw81LmEH.jbdar/Hu', NOW(), NOW()),
  ('e2e00000-0000-4000-a000-000000001026', '$2b$10$/v0yU0NLpEk7tep3BkuWIedxeUksLil3sh6ffw81LmEH.jbdar/Hu', NOW(), NOW()),
  ('e2e00000-0000-4000-a000-000000001027', '$2b$10$/v0yU0NLpEk7tep3BkuWIedxeUksLil3sh6ffw81LmEH.jbdar/Hu', NOW(), NOW()),
  ('e2e00000-0000-4000-a000-000000001028', '$2b$10$/v0yU0NLpEk7tep3BkuWIedxeUksLil3sh6ffw81LmEH.jbdar/Hu', NOW(), NOW()),
  ('e2e00000-0000-4000-a000-000000001029', '$2b$10$/v0yU0NLpEk7tep3BkuWIedxeUksLil3sh6ffw81LmEH.jbdar/Hu', NOW(), NOW()),
  ('e2e00000-0000-4000-a000-000000001030', '$2b$10$/v0yU0NLpEk7tep3BkuWIedxeUksLil3sh6ffw81LmEH.jbdar/Hu', NOW(), NOW()),
  ('e2e00000-0000-4000-a000-000000001031', '$2b$10$/v0yU0NLpEk7tep3BkuWIedxeUksLil3sh6ffw81LmEH.jbdar/Hu', NOW(), NOW()),
  ('e2e00000-0000-4000-a000-000000001032', '$2b$10$/v0yU0NLpEk7tep3BkuWIedxeUksLil3sh6ffw81LmEH.jbdar/Hu', NOW(), NOW()),
  ('e2e00000-0000-4000-a000-000000001033', '$2b$10$/v0yU0NLpEk7tep3BkuWIedxeUksLil3sh6ffw81LmEH.jbdar/Hu', NOW(), NOW()),
  ('e2e00000-0000-4000-a000-000000001034', '$2b$10$/v0yU0NLpEk7tep3BkuWIedxeUksLil3sh6ffw81LmEH.jbdar/Hu', NOW(), NOW()),
  ('e2e00000-0000-4000-a000-000000001035', '$2b$10$/v0yU0NLpEk7tep3BkuWIedxeUksLil3sh6ffw81LmEH.jbdar/Hu', NOW(), NOW()),
  ('e2e00000-0000-4000-a000-000000001036', '$2b$10$/v0yU0NLpEk7tep3BkuWIedxeUksLil3sh6ffw81LmEH.jbdar/Hu', NOW(), NOW()),
  ('e2e00000-0000-4000-a000-000000001037', '$2b$10$/v0yU0NLpEk7tep3BkuWIedxeUksLil3sh6ffw81LmEH.jbdar/Hu', NOW(), NOW()),
  ('e2e00000-0000-4000-a000-000000001038', '$2b$10$/v0yU0NLpEk7tep3BkuWIedxeUksLil3sh6ffw81LmEH.jbdar/Hu', NOW(), NOW()),
  ('e2e00000-0000-4000-a000-000000001039', '$2b$10$/v0yU0NLpEk7tep3BkuWIedxeUksLil3sh6ffw81LmEH.jbdar/Hu', NOW(), NOW()),
  ('e2e00000-0000-4000-a000-000000001040', '$2b$10$/v0yU0NLpEk7tep3BkuWIedxeUksLil3sh6ffw81LmEH.jbdar/Hu', NOW(), NOW()),
  ('e2e00000-0000-4000-a000-000000001041', '$2b$10$/v0yU0NLpEk7tep3BkuWIedxeUksLil3sh6ffw81LmEH.jbdar/Hu', NOW(), NOW()),
  ('e2e00000-0000-4000-a000-000000001042', '$2b$10$/v0yU0NLpEk7tep3BkuWIedxeUksLil3sh6ffw81LmEH.jbdar/Hu', NOW(), NOW()),
  ('e2e00000-0000-4000-a000-000000001043', '$2b$10$/v0yU0NLpEk7tep3BkuWIedxeUksLil3sh6ffw81LmEH.jbdar/Hu', NOW(), NOW()),
  ('e2e00000-0000-4000-a000-000000001044', '$2b$10$/v0yU0NLpEk7tep3BkuWIedxeUksLil3sh6ffw81LmEH.jbdar/Hu', NOW(), NOW()),
  ('e2e00000-0000-4000-a000-000000001045', '$2b$10$/v0yU0NLpEk7tep3BkuWIedxeUksLil3sh6ffw81LmEH.jbdar/Hu', NOW(), NOW()),
  ('e2e00000-0000-4000-a000-000000001046', '$2b$10$/v0yU0NLpEk7tep3BkuWIedxeUksLil3sh6ffw81LmEH.jbdar/Hu', NOW(), NOW()),
  ('e2e00000-0000-4000-a000-000000001047', '$2b$10$/v0yU0NLpEk7tep3BkuWIedxeUksLil3sh6ffw81LmEH.jbdar/Hu', NOW(), NOW()),
  ('e2e00000-0000-4000-a000-000000001048', '$2b$10$/v0yU0NLpEk7tep3BkuWIedxeUksLil3sh6ffw81LmEH.jbdar/Hu', NOW(), NOW()),
  ('e2e00000-0000-4000-a000-000000001049', '$2b$10$/v0yU0NLpEk7tep3BkuWIedxeUksLil3sh6ffw81LmEH.jbdar/Hu', NOW(), NOW()),
  ('e2e00000-0000-4000-a000-000000001050', '$2b$10$/v0yU0NLpEk7tep3BkuWIedxeUksLil3sh6ffw81LmEH.jbdar/Hu', NOW(), NOW()),
  ('e2e00000-0000-4000-a000-000000001051', '$2b$10$/v0yU0NLpEk7tep3BkuWIedxeUksLil3sh6ffw81LmEH.jbdar/Hu', NOW(), NOW()),
  ('e2e00000-0000-4000-a000-000000001052', '$2b$10$/v0yU0NLpEk7tep3BkuWIedxeUksLil3sh6ffw81LmEH.jbdar/Hu', NOW(), NOW()),
  ('e2e00000-0000-4000-a000-000000001053', '$2b$10$/v0yU0NLpEk7tep3BkuWIedxeUksLil3sh6ffw81LmEH.jbdar/Hu', NOW(), NOW()),
  ('e2e00000-0000-4000-a000-000000001054', '$2b$10$/v0yU0NLpEk7tep3BkuWIedxeUksLil3sh6ffw81LmEH.jbdar/Hu', NOW(), NOW()),
  ('e2e00000-0000-4000-a000-000000001055', '$2b$10$/v0yU0NLpEk7tep3BkuWIedxeUksLil3sh6ffw81LmEH.jbdar/Hu', NOW(), NOW()),
  ('e2e00000-0000-4000-a000-000000001056', '$2b$10$/v0yU0NLpEk7tep3BkuWIedxeUksLil3sh6ffw81LmEH.jbdar/Hu', NOW(), NOW()),
  ('e2e00000-0000-4000-a000-000000001057', '$2b$10$/v0yU0NLpEk7tep3BkuWIedxeUksLil3sh6ffw81LmEH.jbdar/Hu', NOW(), NOW()),
  ('e2e00000-0000-4000-a000-000000001058', '$2b$10$/v0yU0NLpEk7tep3BkuWIedxeUksLil3sh6ffw81LmEH.jbdar/Hu', NOW(), NOW()),
  ('e2e00000-0000-4000-a000-000000001059', '$2b$10$/v0yU0NLpEk7tep3BkuWIedxeUksLil3sh6ffw81LmEH.jbdar/Hu', NOW(), NOW()),
  ('e2e00000-0000-4000-a000-000000001060', '$2b$10$/v0yU0NLpEk7tep3BkuWIedxeUksLil3sh6ffw81LmEH.jbdar/Hu', NOW(), NOW()),
  ('e2e00000-0000-4000-a000-000000001061', '$2b$10$/v0yU0NLpEk7tep3BkuWIedxeUksLil3sh6ffw81LmEH.jbdar/Hu', NOW(), NOW()),
  ('e2e00000-0000-4000-a000-000000001062', '$2b$10$/v0yU0NLpEk7tep3BkuWIedxeUksLil3sh6ffw81LmEH.jbdar/Hu', NOW(), NOW()),
  ('e2e00000-0000-4000-a000-000000001063', '$2b$10$/v0yU0NLpEk7tep3BkuWIedxeUksLil3sh6ffw81LmEH.jbdar/Hu', NOW(), NOW()),
  ('e2e00000-0000-4000-a000-000000001064', '$2b$10$/v0yU0NLpEk7tep3BkuWIedxeUksLil3sh6ffw81LmEH.jbdar/Hu', NOW(), NOW()),
  ('e2e00000-0000-4000-a000-000000001065', '$2b$10$/v0yU0NLpEk7tep3BkuWIedxeUksLil3sh6ffw81LmEH.jbdar/Hu', NOW(), NOW()),
  ('e2e00000-0000-4000-a000-000000001066', '$2b$10$/v0yU0NLpEk7tep3BkuWIedxeUksLil3sh6ffw81LmEH.jbdar/Hu', NOW(), NOW()),
  ('e2e00000-0000-4000-a000-000000001067', '$2b$10$/v0yU0NLpEk7tep3BkuWIedxeUksLil3sh6ffw81LmEH.jbdar/Hu', NOW(), NOW()),
  ('e2e00000-0000-4000-a000-000000001068', '$2b$10$/v0yU0NLpEk7tep3BkuWIedxeUksLil3sh6ffw81LmEH.jbdar/Hu', NOW(), NOW()),
  ('e2e00000-0000-4000-a000-000000001069', '$2b$10$/v0yU0NLpEk7tep3BkuWIedxeUksLil3sh6ffw81LmEH.jbdar/Hu', NOW(), NOW()),
  ('e2e00000-0000-4000-a000-000000001070', '$2b$10$/v0yU0NLpEk7tep3BkuWIedxeUksLil3sh6ffw81LmEH.jbdar/Hu', NOW(), NOW()),
  ('e2e00000-0000-4000-a000-000000001071', '$2b$10$/v0yU0NLpEk7tep3BkuWIedxeUksLil3sh6ffw81LmEH.jbdar/Hu', NOW(), NOW()),
  ('e2e00000-0000-4000-a000-000000001072', '$2b$10$/v0yU0NLpEk7tep3BkuWIedxeUksLil3sh6ffw81LmEH.jbdar/Hu', NOW(), NOW()),
  ('e2e00000-0000-4000-a000-000000001073', '$2b$10$/v0yU0NLpEk7tep3BkuWIedxeUksLil3sh6ffw81LmEH.jbdar/Hu', NOW(), NOW()),
  ('e2e00000-0000-4000-a000-000000001074', '$2b$10$/v0yU0NLpEk7tep3BkuWIedxeUksLil3sh6ffw81LmEH.jbdar/Hu', NOW(), NOW()),
  ('e2e00000-0000-4000-a000-000000001075', '$2b$10$/v0yU0NLpEk7tep3BkuWIedxeUksLil3sh6ffw81LmEH.jbdar/Hu', NOW(), NOW()),
  ('e2e00000-0000-4000-a000-000000001076', '$2b$10$/v0yU0NLpEk7tep3BkuWIedxeUksLil3sh6ffw81LmEH.jbdar/Hu', NOW(), NOW()),
  ('e2e00000-0000-4000-a000-000000001077', '$2b$10$/v0yU0NLpEk7tep3BkuWIedxeUksLil3sh6ffw81LmEH.jbdar/Hu', NOW(), NOW()),
  ('e2e00000-0000-4000-a000-000000001078', '$2b$10$/v0yU0NLpEk7tep3BkuWIedxeUksLil3sh6ffw81LmEH.jbdar/Hu', NOW(), NOW()),
  ('e2e00000-0000-4000-a000-000000001079', '$2b$10$/v0yU0NLpEk7tep3BkuWIedxeUksLil3sh6ffw81LmEH.jbdar/Hu', NOW(), NOW()),
  ('e2e00000-0000-4000-a000-000000001080', '$2b$10$/v0yU0NLpEk7tep3BkuWIedxeUksLil3sh6ffw81LmEH.jbdar/Hu', NOW(), NOW()),
  ('e2e00000-0000-4000-a000-000000001081', '$2b$10$/v0yU0NLpEk7tep3BkuWIedxeUksLil3sh6ffw81LmEH.jbdar/Hu', NOW(), NOW()),
  ('e2e00000-0000-4000-a000-000000001082', '$2b$10$/v0yU0NLpEk7tep3BkuWIedxeUksLil3sh6ffw81LmEH.jbdar/Hu', NOW(), NOW()),
  ('e2e00000-0000-4000-a000-000000001083', '$2b$10$/v0yU0NLpEk7tep3BkuWIedxeUksLil3sh6ffw81LmEH.jbdar/Hu', NOW(), NOW()),
  ('e2e00000-0000-4000-a000-000000001084', '$2b$10$/v0yU0NLpEk7tep3BkuWIedxeUksLil3sh6ffw81LmEH.jbdar/Hu', NOW(), NOW()),
  ('e2e00000-0000-4000-a000-000000001085', '$2b$10$/v0yU0NLpEk7tep3BkuWIedxeUksLil3sh6ffw81LmEH.jbdar/Hu', NOW(), NOW()),
  ('e2e00000-0000-4000-a000-000000001086', '$2b$10$/v0yU0NLpEk7tep3BkuWIedxeUksLil3sh6ffw81LmEH.jbdar/Hu', NOW(), NOW()),
  ('e2e00000-0000-4000-a000-000000001087', '$2b$10$/v0yU0NLpEk7tep3BkuWIedxeUksLil3sh6ffw81LmEH.jbdar/Hu', NOW(), NOW()),
  ('e2e00000-0000-4000-a000-000000001088', '$2b$10$/v0yU0NLpEk7tep3BkuWIedxeUksLil3sh6ffw81LmEH.jbdar/Hu', NOW(), NOW()),
  ('e2e00000-0000-4000-a000-000000001089', '$2b$10$/v0yU0NLpEk7tep3BkuWIedxeUksLil3sh6ffw81LmEH.jbdar/Hu', NOW(), NOW()),
  ('e2e00000-0000-4000-a000-000000001090', '$2b$10$/v0yU0NLpEk7tep3BkuWIedxeUksLil3sh6ffw81LmEH.jbdar/Hu', NOW(), NOW()),
  ('e2e00000-0000-4000-a000-000000001091', '$2b$10$/v0yU0NLpEk7tep3BkuWIedxeUksLil3sh6ffw81LmEH.jbdar/Hu', NOW(), NOW()),
  ('e2e00000-0000-4000-a000-000000001092', '$2b$10$/v0yU0NLpEk7tep3BkuWIedxeUksLil3sh6ffw81LmEH.jbdar/Hu', NOW(), NOW()),
  ('e2e00000-0000-4000-a000-000000001093', '$2b$10$/v0yU0NLpEk7tep3BkuWIedxeUksLil3sh6ffw81LmEH.jbdar/Hu', NOW(), NOW()),
  ('e2e00000-0000-4000-a000-000000001094', '$2b$10$/v0yU0NLpEk7tep3BkuWIedxeUksLil3sh6ffw81LmEH.jbdar/Hu', NOW(), NOW()),
  ('e2e00000-0000-4000-a000-000000001095', '$2b$10$/v0yU0NLpEk7tep3BkuWIedxeUksLil3sh6ffw81LmEH.jbdar/Hu', NOW(), NOW()),
  ('e2e00000-0000-4000-a000-000000001096', '$2b$10$/v0yU0NLpEk7tep3BkuWIedxeUksLil3sh6ffw81LmEH.jbdar/Hu', NOW(), NOW()),
  ('e2e00000-0000-4000-a000-000000001097', '$2b$10$/v0yU0NLpEk7tep3BkuWIedxeUksLil3sh6ffw81LmEH.jbdar/Hu', NOW(), NOW()),
  ('e2e00000-0000-4000-a000-000000001098', '$2b$10$/v0yU0NLpEk7tep3BkuWIedxeUksLil3sh6ffw81LmEH.jbdar/Hu', NOW(), NOW()),
  ('e2e00000-0000-4000-a000-000000001099', '$2b$10$/v0yU0NLpEk7tep3BkuWIedxeUksLil3sh6ffw81LmEH.jbdar/Hu', NOW(), NOW()),
  ('e2e00000-0000-4000-a000-000000001100', '$2b$10$/v0yU0NLpEk7tep3BkuWIedxeUksLil3sh6ffw81LmEH.jbdar/Hu', NOW(), NOW())
ON CONFLICT ("userId") DO NOTHING;

-- ============================================================
-- 3. AuthSecurityState（100人分）
-- ============================================================

INSERT INTO "auth_security_states" ("user_id", "auth_method", "last_login_at", "failed_sign_in_count", "created_at", "updated_at")
VALUES
  ('e2e00000-0000-4000-a000-000000001001', 'password', NOW(), 0, NOW(), NOW()),
  ('e2e00000-0000-4000-a000-000000001002', 'password', NOW(), 0, NOW(), NOW()),
  ('e2e00000-0000-4000-a000-000000001003', 'password', NOW(), 0, NOW(), NOW()),
  ('e2e00000-0000-4000-a000-000000001004', 'password', NOW(), 0, NOW(), NOW()),
  ('e2e00000-0000-4000-a000-000000001005', 'password', NOW(), 0, NOW(), NOW()),
  ('e2e00000-0000-4000-a000-000000001006', 'password', NOW(), 0, NOW(), NOW()),
  ('e2e00000-0000-4000-a000-000000001007', 'password', NOW(), 0, NOW(), NOW()),
  ('e2e00000-0000-4000-a000-000000001008', 'password', NOW(), 0, NOW(), NOW()),
  ('e2e00000-0000-4000-a000-000000001009', 'password', NOW(), 0, NOW(), NOW()),
  ('e2e00000-0000-4000-a000-000000001010', 'password', NOW(), 0, NOW(), NOW()),
  ('e2e00000-0000-4000-a000-000000001011', 'password', NOW(), 0, NOW(), NOW()),
  ('e2e00000-0000-4000-a000-000000001012', 'password', NOW(), 0, NOW(), NOW()),
  ('e2e00000-0000-4000-a000-000000001013', 'password', NOW(), 0, NOW(), NOW()),
  ('e2e00000-0000-4000-a000-000000001014', 'password', NOW(), 0, NOW(), NOW()),
  ('e2e00000-0000-4000-a000-000000001015', 'password', NOW(), 0, NOW(), NOW()),
  ('e2e00000-0000-4000-a000-000000001016', 'password', NOW(), 0, NOW(), NOW()),
  ('e2e00000-0000-4000-a000-000000001017', 'password', NOW(), 0, NOW(), NOW()),
  ('e2e00000-0000-4000-a000-000000001018', 'password', NOW(), 0, NOW(), NOW()),
  ('e2e00000-0000-4000-a000-000000001019', 'password', NOW(), 0, NOW(), NOW()),
  ('e2e00000-0000-4000-a000-000000001020', 'password', NOW(), 0, NOW(), NOW()),
  ('e2e00000-0000-4000-a000-000000001021', 'password', NOW(), 0, NOW(), NOW()),
  ('e2e00000-0000-4000-a000-000000001022', 'password', NOW(), 0, NOW(), NOW()),
  ('e2e00000-0000-4000-a000-000000001023', 'password', NOW(), 0, NOW(), NOW()),
  ('e2e00000-0000-4000-a000-000000001024', 'password', NOW(), 0, NOW(), NOW()),
  ('e2e00000-0000-4000-a000-000000001025', 'password', NOW(), 0, NOW(), NOW()),
  ('e2e00000-0000-4000-a000-000000001026', 'password', NOW(), 0, NOW(), NOW()),
  ('e2e00000-0000-4000-a000-000000001027', 'password', NOW(), 0, NOW(), NOW()),
  ('e2e00000-0000-4000-a000-000000001028', 'password', NOW(), 0, NOW(), NOW()),
  ('e2e00000-0000-4000-a000-000000001029', 'password', NOW(), 0, NOW(), NOW()),
  ('e2e00000-0000-4000-a000-000000001030', 'password', NOW(), 0, NOW(), NOW()),
  ('e2e00000-0000-4000-a000-000000001031', 'password', NOW(), 0, NOW(), NOW()),
  ('e2e00000-0000-4000-a000-000000001032', 'password', NOW(), 0, NOW(), NOW()),
  ('e2e00000-0000-4000-a000-000000001033', 'password', NOW(), 0, NOW(), NOW()),
  ('e2e00000-0000-4000-a000-000000001034', 'password', NOW(), 0, NOW(), NOW()),
  ('e2e00000-0000-4000-a000-000000001035', 'password', NOW(), 0, NOW(), NOW()),
  ('e2e00000-0000-4000-a000-000000001036', 'password', NOW(), 0, NOW(), NOW()),
  ('e2e00000-0000-4000-a000-000000001037', 'password', NOW(), 0, NOW(), NOW()),
  ('e2e00000-0000-4000-a000-000000001038', 'password', NOW(), 0, NOW(), NOW()),
  ('e2e00000-0000-4000-a000-000000001039', 'password', NOW(), 0, NOW(), NOW()),
  ('e2e00000-0000-4000-a000-000000001040', 'password', NOW(), 0, NOW(), NOW()),
  ('e2e00000-0000-4000-a000-000000001041', 'password', NOW(), 0, NOW(), NOW()),
  ('e2e00000-0000-4000-a000-000000001042', 'password', NOW(), 0, NOW(), NOW()),
  ('e2e00000-0000-4000-a000-000000001043', 'password', NOW(), 0, NOW(), NOW()),
  ('e2e00000-0000-4000-a000-000000001044', 'password', NOW(), 0, NOW(), NOW()),
  ('e2e00000-0000-4000-a000-000000001045', 'password', NOW(), 0, NOW(), NOW()),
  ('e2e00000-0000-4000-a000-000000001046', 'password', NOW(), 0, NOW(), NOW()),
  ('e2e00000-0000-4000-a000-000000001047', 'password', NOW(), 0, NOW(), NOW()),
  ('e2e00000-0000-4000-a000-000000001048', 'password', NOW(), 0, NOW(), NOW()),
  ('e2e00000-0000-4000-a000-000000001049', 'password', NOW(), 0, NOW(), NOW()),
  ('e2e00000-0000-4000-a000-000000001050', 'password', NOW(), 0, NOW(), NOW()),
  ('e2e00000-0000-4000-a000-000000001051', 'password', NOW(), 0, NOW(), NOW()),
  ('e2e00000-0000-4000-a000-000000001052', 'password', NOW(), 0, NOW(), NOW()),
  ('e2e00000-0000-4000-a000-000000001053', 'password', NOW(), 0, NOW(), NOW()),
  ('e2e00000-0000-4000-a000-000000001054', 'password', NOW(), 0, NOW(), NOW()),
  ('e2e00000-0000-4000-a000-000000001055', 'password', NOW(), 0, NOW(), NOW()),
  ('e2e00000-0000-4000-a000-000000001056', 'password', NOW(), 0, NOW(), NOW()),
  ('e2e00000-0000-4000-a000-000000001057', 'password', NOW(), 0, NOW(), NOW()),
  ('e2e00000-0000-4000-a000-000000001058', 'password', NOW(), 0, NOW(), NOW()),
  ('e2e00000-0000-4000-a000-000000001059', 'password', NOW(), 0, NOW(), NOW()),
  ('e2e00000-0000-4000-a000-000000001060', 'password', NOW(), 0, NOW(), NOW()),
  ('e2e00000-0000-4000-a000-000000001061', 'password', NOW(), 0, NOW(), NOW()),
  ('e2e00000-0000-4000-a000-000000001062', 'password', NOW(), 0, NOW(), NOW()),
  ('e2e00000-0000-4000-a000-000000001063', 'password', NOW(), 0, NOW(), NOW()),
  ('e2e00000-0000-4000-a000-000000001064', 'password', NOW(), 0, NOW(), NOW()),
  ('e2e00000-0000-4000-a000-000000001065', 'password', NOW(), 0, NOW(), NOW()),
  ('e2e00000-0000-4000-a000-000000001066', 'password', NOW(), 0, NOW(), NOW()),
  ('e2e00000-0000-4000-a000-000000001067', 'password', NOW(), 0, NOW(), NOW()),
  ('e2e00000-0000-4000-a000-000000001068', 'password', NOW(), 0, NOW(), NOW()),
  ('e2e00000-0000-4000-a000-000000001069', 'password', NOW(), 0, NOW(), NOW()),
  ('e2e00000-0000-4000-a000-000000001070', 'password', NOW(), 0, NOW(), NOW()),
  ('e2e00000-0000-4000-a000-000000001071', 'password', NOW(), 0, NOW(), NOW()),
  ('e2e00000-0000-4000-a000-000000001072', 'password', NOW(), 0, NOW(), NOW()),
  ('e2e00000-0000-4000-a000-000000001073', 'password', NOW(), 0, NOW(), NOW()),
  ('e2e00000-0000-4000-a000-000000001074', 'password', NOW(), 0, NOW(), NOW()),
  ('e2e00000-0000-4000-a000-000000001075', 'password', NOW(), 0, NOW(), NOW()),
  ('e2e00000-0000-4000-a000-000000001076', 'password', NOW(), 0, NOW(), NOW()),
  ('e2e00000-0000-4000-a000-000000001077', 'password', NOW(), 0, NOW(), NOW()),
  ('e2e00000-0000-4000-a000-000000001078', 'password', NOW(), 0, NOW(), NOW()),
  ('e2e00000-0000-4000-a000-000000001079', 'password', NOW(), 0, NOW(), NOW()),
  ('e2e00000-0000-4000-a000-000000001080', 'password', NOW(), 0, NOW(), NOW()),
  ('e2e00000-0000-4000-a000-000000001081', 'password', NOW(), 0, NOW(), NOW()),
  ('e2e00000-0000-4000-a000-000000001082', 'password', NOW(), 0, NOW(), NOW()),
  ('e2e00000-0000-4000-a000-000000001083', 'password', NOW(), 0, NOW(), NOW()),
  ('e2e00000-0000-4000-a000-000000001084', 'password', NOW(), 0, NOW(), NOW()),
  ('e2e00000-0000-4000-a000-000000001085', 'password', NOW(), 0, NOW(), NOW()),
  ('e2e00000-0000-4000-a000-000000001086', 'password', NOW(), 0, NOW(), NOW()),
  ('e2e00000-0000-4000-a000-000000001087', 'password', NOW(), 0, NOW(), NOW()),
  ('e2e00000-0000-4000-a000-000000001088', 'password', NOW(), 0, NOW(), NOW()),
  ('e2e00000-0000-4000-a000-000000001089', 'password', NOW(), 0, NOW(), NOW()),
  ('e2e00000-0000-4000-a000-000000001090', 'password', NOW(), 0, NOW(), NOW()),
  ('e2e00000-0000-4000-a000-000000001091', 'password', NOW(), 0, NOW(), NOW()),
  ('e2e00000-0000-4000-a000-000000001092', 'password', NOW(), 0, NOW(), NOW()),
  ('e2e00000-0000-4000-a000-000000001093', 'password', NOW(), 0, NOW(), NOW()),
  ('e2e00000-0000-4000-a000-000000001094', 'password', NOW(), 0, NOW(), NOW()),
  ('e2e00000-0000-4000-a000-000000001095', 'password', NOW(), 0, NOW(), NOW()),
  ('e2e00000-0000-4000-a000-000000001096', 'password', NOW(), 0, NOW(), NOW()),
  ('e2e00000-0000-4000-a000-000000001097', 'password', NOW(), 0, NOW(), NOW()),
  ('e2e00000-0000-4000-a000-000000001098', 'password', NOW(), 0, NOW(), NOW()),
  ('e2e00000-0000-4000-a000-000000001099', 'password', NOW(), 0, NOW(), NOW()),
  ('e2e00000-0000-4000-a000-000000001100', 'password', NOW(), 0, NOW(), NOW())
ON CONFLICT ("user_id") DO NOTHING;

-- ============================================================
-- 4. 朝ヨガサークルへのメンバーシップ（100人全員 MEMBER）
-- ============================================================

INSERT INTO "CommunityMembership" ("id", "communityId", "userId", "role", "joinedAt")
VALUES
  ('e2e00000-0000-4000-a000-000000001201', 'e2e00000-0000-4000-a000-000000000202', 'e2e00000-0000-4000-a000-000000001001', 'MEMBER', NOW() - INTERVAL '14 days'),
  ('e2e00000-0000-4000-a000-000000001202', 'e2e00000-0000-4000-a000-000000000202', 'e2e00000-0000-4000-a000-000000001002', 'MEMBER', NOW() - INTERVAL '14 days'),
  ('e2e00000-0000-4000-a000-000000001203', 'e2e00000-0000-4000-a000-000000000202', 'e2e00000-0000-4000-a000-000000001003', 'MEMBER', NOW() - INTERVAL '14 days'),
  ('e2e00000-0000-4000-a000-000000001204', 'e2e00000-0000-4000-a000-000000000202', 'e2e00000-0000-4000-a000-000000001004', 'MEMBER', NOW() - INTERVAL '14 days'),
  ('e2e00000-0000-4000-a000-000000001205', 'e2e00000-0000-4000-a000-000000000202', 'e2e00000-0000-4000-a000-000000001005', 'MEMBER', NOW() - INTERVAL '14 days'),
  ('e2e00000-0000-4000-a000-000000001206', 'e2e00000-0000-4000-a000-000000000202', 'e2e00000-0000-4000-a000-000000001006', 'MEMBER', NOW() - INTERVAL '13 days'),
  ('e2e00000-0000-4000-a000-000000001207', 'e2e00000-0000-4000-a000-000000000202', 'e2e00000-0000-4000-a000-000000001007', 'MEMBER', NOW() - INTERVAL '13 days'),
  ('e2e00000-0000-4000-a000-000000001208', 'e2e00000-0000-4000-a000-000000000202', 'e2e00000-0000-4000-a000-000000001008', 'MEMBER', NOW() - INTERVAL '13 days'),
  ('e2e00000-0000-4000-a000-000000001209', 'e2e00000-0000-4000-a000-000000000202', 'e2e00000-0000-4000-a000-000000001009', 'MEMBER', NOW() - INTERVAL '13 days'),
  ('e2e00000-0000-4000-a000-000000001210', 'e2e00000-0000-4000-a000-000000000202', 'e2e00000-0000-4000-a000-000000001010', 'MEMBER', NOW() - INTERVAL '13 days'),
  ('e2e00000-0000-4000-a000-000000001211', 'e2e00000-0000-4000-a000-000000000202', 'e2e00000-0000-4000-a000-000000001011', 'MEMBER', NOW() - INTERVAL '13 days'),
  ('e2e00000-0000-4000-a000-000000001212', 'e2e00000-0000-4000-a000-000000000202', 'e2e00000-0000-4000-a000-000000001012', 'MEMBER', NOW() - INTERVAL '12 days'),
  ('e2e00000-0000-4000-a000-000000001213', 'e2e00000-0000-4000-a000-000000000202', 'e2e00000-0000-4000-a000-000000001013', 'MEMBER', NOW() - INTERVAL '12 days'),
  ('e2e00000-0000-4000-a000-000000001214', 'e2e00000-0000-4000-a000-000000000202', 'e2e00000-0000-4000-a000-000000001014', 'MEMBER', NOW() - INTERVAL '12 days'),
  ('e2e00000-0000-4000-a000-000000001215', 'e2e00000-0000-4000-a000-000000000202', 'e2e00000-0000-4000-a000-000000001015', 'MEMBER', NOW() - INTERVAL '12 days'),
  ('e2e00000-0000-4000-a000-000000001216', 'e2e00000-0000-4000-a000-000000000202', 'e2e00000-0000-4000-a000-000000001016', 'MEMBER', NOW() - INTERVAL '12 days'),
  ('e2e00000-0000-4000-a000-000000001217', 'e2e00000-0000-4000-a000-000000000202', 'e2e00000-0000-4000-a000-000000001017', 'MEMBER', NOW() - INTERVAL '12 days'),
  ('e2e00000-0000-4000-a000-000000001218', 'e2e00000-0000-4000-a000-000000000202', 'e2e00000-0000-4000-a000-000000001018', 'MEMBER', NOW() - INTERVAL '11 days'),
  ('e2e00000-0000-4000-a000-000000001219', 'e2e00000-0000-4000-a000-000000000202', 'e2e00000-0000-4000-a000-000000001019', 'MEMBER', NOW() - INTERVAL '11 days'),
  ('e2e00000-0000-4000-a000-000000001220', 'e2e00000-0000-4000-a000-000000000202', 'e2e00000-0000-4000-a000-000000001020', 'MEMBER', NOW() - INTERVAL '11 days'),
  ('e2e00000-0000-4000-a000-000000001221', 'e2e00000-0000-4000-a000-000000000202', 'e2e00000-0000-4000-a000-000000001021', 'MEMBER', NOW() - INTERVAL '11 days'),
  ('e2e00000-0000-4000-a000-000000001222', 'e2e00000-0000-4000-a000-000000000202', 'e2e00000-0000-4000-a000-000000001022', 'MEMBER', NOW() - INTERVAL '11 days'),
  ('e2e00000-0000-4000-a000-000000001223', 'e2e00000-0000-4000-a000-000000000202', 'e2e00000-0000-4000-a000-000000001023', 'MEMBER', NOW() - INTERVAL '11 days'),
  ('e2e00000-0000-4000-a000-000000001224', 'e2e00000-0000-4000-a000-000000000202', 'e2e00000-0000-4000-a000-000000001024', 'MEMBER', NOW() - INTERVAL '10 days'),
  ('e2e00000-0000-4000-a000-000000001225', 'e2e00000-0000-4000-a000-000000000202', 'e2e00000-0000-4000-a000-000000001025', 'MEMBER', NOW() - INTERVAL '10 days'),
  ('e2e00000-0000-4000-a000-000000001226', 'e2e00000-0000-4000-a000-000000000202', 'e2e00000-0000-4000-a000-000000001026', 'MEMBER', NOW() - INTERVAL '10 days'),
  ('e2e00000-0000-4000-a000-000000001227', 'e2e00000-0000-4000-a000-000000000202', 'e2e00000-0000-4000-a000-000000001027', 'MEMBER', NOW() - INTERVAL '10 days'),
  ('e2e00000-0000-4000-a000-000000001228', 'e2e00000-0000-4000-a000-000000000202', 'e2e00000-0000-4000-a000-000000001028', 'MEMBER', NOW() - INTERVAL '10 days'),
  ('e2e00000-0000-4000-a000-000000001229', 'e2e00000-0000-4000-a000-000000000202', 'e2e00000-0000-4000-a000-000000001029', 'MEMBER', NOW() - INTERVAL '10 days'),
  ('e2e00000-0000-4000-a000-000000001230', 'e2e00000-0000-4000-a000-000000000202', 'e2e00000-0000-4000-a000-000000001030', 'MEMBER', NOW() - INTERVAL '9 days'),
  ('e2e00000-0000-4000-a000-000000001231', 'e2e00000-0000-4000-a000-000000000202', 'e2e00000-0000-4000-a000-000000001031', 'MEMBER', NOW() - INTERVAL '9 days'),
  ('e2e00000-0000-4000-a000-000000001232', 'e2e00000-0000-4000-a000-000000000202', 'e2e00000-0000-4000-a000-000000001032', 'MEMBER', NOW() - INTERVAL '9 days'),
  ('e2e00000-0000-4000-a000-000000001233', 'e2e00000-0000-4000-a000-000000000202', 'e2e00000-0000-4000-a000-000000001033', 'MEMBER', NOW() - INTERVAL '9 days'),
  ('e2e00000-0000-4000-a000-000000001234', 'e2e00000-0000-4000-a000-000000000202', 'e2e00000-0000-4000-a000-000000001034', 'MEMBER', NOW() - INTERVAL '9 days'),
  ('e2e00000-0000-4000-a000-000000001235', 'e2e00000-0000-4000-a000-000000000202', 'e2e00000-0000-4000-a000-000000001035', 'MEMBER', NOW() - INTERVAL '9 days'),
  ('e2e00000-0000-4000-a000-000000001236', 'e2e00000-0000-4000-a000-000000000202', 'e2e00000-0000-4000-a000-000000001036', 'MEMBER', NOW() - INTERVAL '8 days'),
  ('e2e00000-0000-4000-a000-000000001237', 'e2e00000-0000-4000-a000-000000000202', 'e2e00000-0000-4000-a000-000000001037', 'MEMBER', NOW() - INTERVAL '8 days'),
  ('e2e00000-0000-4000-a000-000000001238', 'e2e00000-0000-4000-a000-000000000202', 'e2e00000-0000-4000-a000-000000001038', 'MEMBER', NOW() - INTERVAL '8 days'),
  ('e2e00000-0000-4000-a000-000000001239', 'e2e00000-0000-4000-a000-000000000202', 'e2e00000-0000-4000-a000-000000001039', 'MEMBER', NOW() - INTERVAL '8 days'),
  ('e2e00000-0000-4000-a000-000000001240', 'e2e00000-0000-4000-a000-000000000202', 'e2e00000-0000-4000-a000-000000001040', 'MEMBER', NOW() - INTERVAL '8 days'),
  ('e2e00000-0000-4000-a000-000000001241', 'e2e00000-0000-4000-a000-000000000202', 'e2e00000-0000-4000-a000-000000001041', 'MEMBER', NOW() - INTERVAL '8 days'),
  ('e2e00000-0000-4000-a000-000000001242', 'e2e00000-0000-4000-a000-000000000202', 'e2e00000-0000-4000-a000-000000001042', 'MEMBER', NOW() - INTERVAL '7 days'),
  ('e2e00000-0000-4000-a000-000000001243', 'e2e00000-0000-4000-a000-000000000202', 'e2e00000-0000-4000-a000-000000001043', 'MEMBER', NOW() - INTERVAL '7 days'),
  ('e2e00000-0000-4000-a000-000000001244', 'e2e00000-0000-4000-a000-000000000202', 'e2e00000-0000-4000-a000-000000001044', 'MEMBER', NOW() - INTERVAL '7 days'),
  ('e2e00000-0000-4000-a000-000000001245', 'e2e00000-0000-4000-a000-000000000202', 'e2e00000-0000-4000-a000-000000001045', 'MEMBER', NOW() - INTERVAL '7 days'),
  ('e2e00000-0000-4000-a000-000000001246', 'e2e00000-0000-4000-a000-000000000202', 'e2e00000-0000-4000-a000-000000001046', 'MEMBER', NOW() - INTERVAL '7 days'),
  ('e2e00000-0000-4000-a000-000000001247', 'e2e00000-0000-4000-a000-000000000202', 'e2e00000-0000-4000-a000-000000001047', 'MEMBER', NOW() - INTERVAL '7 days'),
  ('e2e00000-0000-4000-a000-000000001248', 'e2e00000-0000-4000-a000-000000000202', 'e2e00000-0000-4000-a000-000000001048', 'MEMBER', NOW() - INTERVAL '6 days'),
  ('e2e00000-0000-4000-a000-000000001249', 'e2e00000-0000-4000-a000-000000000202', 'e2e00000-0000-4000-a000-000000001049', 'MEMBER', NOW() - INTERVAL '6 days'),
  ('e2e00000-0000-4000-a000-000000001250', 'e2e00000-0000-4000-a000-000000000202', 'e2e00000-0000-4000-a000-000000001050', 'MEMBER', NOW() - INTERVAL '6 days'),
  ('e2e00000-0000-4000-a000-000000001251', 'e2e00000-0000-4000-a000-000000000202', 'e2e00000-0000-4000-a000-000000001051', 'MEMBER', NOW() - INTERVAL '6 days'),
  ('e2e00000-0000-4000-a000-000000001252', 'e2e00000-0000-4000-a000-000000000202', 'e2e00000-0000-4000-a000-000000001052', 'MEMBER', NOW() - INTERVAL '6 days'),
  ('e2e00000-0000-4000-a000-000000001253', 'e2e00000-0000-4000-a000-000000000202', 'e2e00000-0000-4000-a000-000000001053', 'MEMBER', NOW() - INTERVAL '6 days'),
  ('e2e00000-0000-4000-a000-000000001254', 'e2e00000-0000-4000-a000-000000000202', 'e2e00000-0000-4000-a000-000000001054', 'MEMBER', NOW() - INTERVAL '5 days'),
  ('e2e00000-0000-4000-a000-000000001255', 'e2e00000-0000-4000-a000-000000000202', 'e2e00000-0000-4000-a000-000000001055', 'MEMBER', NOW() - INTERVAL '5 days'),
  ('e2e00000-0000-4000-a000-000000001256', 'e2e00000-0000-4000-a000-000000000202', 'e2e00000-0000-4000-a000-000000001056', 'MEMBER', NOW() - INTERVAL '5 days'),
  ('e2e00000-0000-4000-a000-000000001257', 'e2e00000-0000-4000-a000-000000000202', 'e2e00000-0000-4000-a000-000000001057', 'MEMBER', NOW() - INTERVAL '5 days'),
  ('e2e00000-0000-4000-a000-000000001258', 'e2e00000-0000-4000-a000-000000000202', 'e2e00000-0000-4000-a000-000000001058', 'MEMBER', NOW() - INTERVAL '5 days'),
  ('e2e00000-0000-4000-a000-000000001259', 'e2e00000-0000-4000-a000-000000000202', 'e2e00000-0000-4000-a000-000000001059', 'MEMBER', NOW() - INTERVAL '5 days'),
  ('e2e00000-0000-4000-a000-000000001260', 'e2e00000-0000-4000-a000-000000000202', 'e2e00000-0000-4000-a000-000000001060', 'MEMBER', NOW() - INTERVAL '4 days'),
  ('e2e00000-0000-4000-a000-000000001261', 'e2e00000-0000-4000-a000-000000000202', 'e2e00000-0000-4000-a000-000000001061', 'MEMBER', NOW() - INTERVAL '4 days'),
  ('e2e00000-0000-4000-a000-000000001262', 'e2e00000-0000-4000-a000-000000000202', 'e2e00000-0000-4000-a000-000000001062', 'MEMBER', NOW() - INTERVAL '4 days'),
  ('e2e00000-0000-4000-a000-000000001263', 'e2e00000-0000-4000-a000-000000000202', 'e2e00000-0000-4000-a000-000000001063', 'MEMBER', NOW() - INTERVAL '4 days'),
  ('e2e00000-0000-4000-a000-000000001264', 'e2e00000-0000-4000-a000-000000000202', 'e2e00000-0000-4000-a000-000000001064', 'MEMBER', NOW() - INTERVAL '4 days'),
  ('e2e00000-0000-4000-a000-000000001265', 'e2e00000-0000-4000-a000-000000000202', 'e2e00000-0000-4000-a000-000000001065', 'MEMBER', NOW() - INTERVAL '4 days'),
  ('e2e00000-0000-4000-a000-000000001266', 'e2e00000-0000-4000-a000-000000000202', 'e2e00000-0000-4000-a000-000000001066', 'MEMBER', NOW() - INTERVAL '3 days'),
  ('e2e00000-0000-4000-a000-000000001267', 'e2e00000-0000-4000-a000-000000000202', 'e2e00000-0000-4000-a000-000000001067', 'MEMBER', NOW() - INTERVAL '3 days'),
  ('e2e00000-0000-4000-a000-000000001268', 'e2e00000-0000-4000-a000-000000000202', 'e2e00000-0000-4000-a000-000000001068', 'MEMBER', NOW() - INTERVAL '3 days'),
  ('e2e00000-0000-4000-a000-000000001269', 'e2e00000-0000-4000-a000-000000000202', 'e2e00000-0000-4000-a000-000000001069', 'MEMBER', NOW() - INTERVAL '3 days'),
  ('e2e00000-0000-4000-a000-000000001270', 'e2e00000-0000-4000-a000-000000000202', 'e2e00000-0000-4000-a000-000000001070', 'MEMBER', NOW() - INTERVAL '3 days'),
  ('e2e00000-0000-4000-a000-000000001271', 'e2e00000-0000-4000-a000-000000000202', 'e2e00000-0000-4000-a000-000000001071', 'MEMBER', NOW() - INTERVAL '3 days'),
  ('e2e00000-0000-4000-a000-000000001272', 'e2e00000-0000-4000-a000-000000000202', 'e2e00000-0000-4000-a000-000000001072', 'MEMBER', NOW() - INTERVAL '2 days'),
  ('e2e00000-0000-4000-a000-000000001273', 'e2e00000-0000-4000-a000-000000000202', 'e2e00000-0000-4000-a000-000000001073', 'MEMBER', NOW() - INTERVAL '2 days'),
  ('e2e00000-0000-4000-a000-000000001274', 'e2e00000-0000-4000-a000-000000000202', 'e2e00000-0000-4000-a000-000000001074', 'MEMBER', NOW() - INTERVAL '2 days'),
  ('e2e00000-0000-4000-a000-000000001275', 'e2e00000-0000-4000-a000-000000000202', 'e2e00000-0000-4000-a000-000000001075', 'MEMBER', NOW() - INTERVAL '2 days'),
  ('e2e00000-0000-4000-a000-000000001276', 'e2e00000-0000-4000-a000-000000000202', 'e2e00000-0000-4000-a000-000000001076', 'MEMBER', NOW() - INTERVAL '2 days'),
  ('e2e00000-0000-4000-a000-000000001277', 'e2e00000-0000-4000-a000-000000000202', 'e2e00000-0000-4000-a000-000000001077', 'MEMBER', NOW() - INTERVAL '2 days'),
  ('e2e00000-0000-4000-a000-000000001278', 'e2e00000-0000-4000-a000-000000000202', 'e2e00000-0000-4000-a000-000000001078', 'MEMBER', NOW() - INTERVAL '1 day'),
  ('e2e00000-0000-4000-a000-000000001279', 'e2e00000-0000-4000-a000-000000000202', 'e2e00000-0000-4000-a000-000000001079', 'MEMBER', NOW() - INTERVAL '1 day'),
  ('e2e00000-0000-4000-a000-000000001280', 'e2e00000-0000-4000-a000-000000000202', 'e2e00000-0000-4000-a000-000000001080', 'MEMBER', NOW() - INTERVAL '1 day'),
  ('e2e00000-0000-4000-a000-000000001281', 'e2e00000-0000-4000-a000-000000000202', 'e2e00000-0000-4000-a000-000000001081', 'MEMBER', NOW() - INTERVAL '1 day'),
  ('e2e00000-0000-4000-a000-000000001282', 'e2e00000-0000-4000-a000-000000000202', 'e2e00000-0000-4000-a000-000000001082', 'MEMBER', NOW() - INTERVAL '1 day'),
  ('e2e00000-0000-4000-a000-000000001283', 'e2e00000-0000-4000-a000-000000000202', 'e2e00000-0000-4000-a000-000000001083', 'MEMBER', NOW() - INTERVAL '1 day'),
  ('e2e00000-0000-4000-a000-000000001284', 'e2e00000-0000-4000-a000-000000000202', 'e2e00000-0000-4000-a000-000000001084', 'MEMBER', NOW() - INTERVAL '12 hours'),
  ('e2e00000-0000-4000-a000-000000001285', 'e2e00000-0000-4000-a000-000000000202', 'e2e00000-0000-4000-a000-000000001085', 'MEMBER', NOW() - INTERVAL '12 hours'),
  ('e2e00000-0000-4000-a000-000000001286', 'e2e00000-0000-4000-a000-000000000202', 'e2e00000-0000-4000-a000-000000001086', 'MEMBER', NOW() - INTERVAL '12 hours'),
  ('e2e00000-0000-4000-a000-000000001287', 'e2e00000-0000-4000-a000-000000000202', 'e2e00000-0000-4000-a000-000000001087', 'MEMBER', NOW() - INTERVAL '12 hours'),
  ('e2e00000-0000-4000-a000-000000001288', 'e2e00000-0000-4000-a000-000000000202', 'e2e00000-0000-4000-a000-000000001088', 'MEMBER', NOW() - INTERVAL '12 hours'),
  ('e2e00000-0000-4000-a000-000000001289', 'e2e00000-0000-4000-a000-000000000202', 'e2e00000-0000-4000-a000-000000001089', 'MEMBER', NOW() - INTERVAL '12 hours'),
  ('e2e00000-0000-4000-a000-000000001290', 'e2e00000-0000-4000-a000-000000000202', 'e2e00000-0000-4000-a000-000000001090', 'MEMBER', NOW() - INTERVAL '6 hours'),
  ('e2e00000-0000-4000-a000-000000001291', 'e2e00000-0000-4000-a000-000000000202', 'e2e00000-0000-4000-a000-000000001091', 'MEMBER', NOW() - INTERVAL '6 hours'),
  ('e2e00000-0000-4000-a000-000000001292', 'e2e00000-0000-4000-a000-000000000202', 'e2e00000-0000-4000-a000-000000001092', 'MEMBER', NOW() - INTERVAL '6 hours'),
  ('e2e00000-0000-4000-a000-000000001293', 'e2e00000-0000-4000-a000-000000000202', 'e2e00000-0000-4000-a000-000000001093', 'MEMBER', NOW() - INTERVAL '6 hours'),
  ('e2e00000-0000-4000-a000-000000001294', 'e2e00000-0000-4000-a000-000000000202', 'e2e00000-0000-4000-a000-000000001094', 'MEMBER', NOW() - INTERVAL '6 hours'),
  ('e2e00000-0000-4000-a000-000000001295', 'e2e00000-0000-4000-a000-000000000202', 'e2e00000-0000-4000-a000-000000001095', 'MEMBER', NOW() - INTERVAL '6 hours'),
  ('e2e00000-0000-4000-a000-000000001296', 'e2e00000-0000-4000-a000-000000000202', 'e2e00000-0000-4000-a000-000000001096', 'MEMBER', NOW() - INTERVAL '3 hours'),
  ('e2e00000-0000-4000-a000-000000001297', 'e2e00000-0000-4000-a000-000000000202', 'e2e00000-0000-4000-a000-000000001097', 'MEMBER', NOW() - INTERVAL '3 hours'),
  ('e2e00000-0000-4000-a000-000000001298', 'e2e00000-0000-4000-a000-000000000202', 'e2e00000-0000-4000-a000-000000001098', 'MEMBER', NOW() - INTERVAL '3 hours'),
  ('e2e00000-0000-4000-a000-000000001299', 'e2e00000-0000-4000-a000-000000000202', 'e2e00000-0000-4000-a000-000000001099', 'MEMBER', NOW() - INTERVAL '3 hours'),
  ('e2e00000-0000-4000-a000-000000001300', 'e2e00000-0000-4000-a000-000000000202', 'e2e00000-0000-4000-a000-000000001100', 'MEMBER', NOW() - INTERVAL '3 hours')
ON CONFLICT ("id") DO NOTHING;

COMMIT;

-- ============================================================
-- 確認クエリ
-- ============================================================
-- SELECT COUNT(*) FROM "CommunityMembership" WHERE "communityId" = 'e2e00000-0000-4000-a000-000000000202';
-- SELECT COUNT(*) FROM "User" WHERE "id" LIKE 'e2e00000-0000-4000-a000-00000000100%';

-- ============================================================
-- 削除用（必要時にコメント解除して実行）
-- ============================================================
-- BEGIN;
-- DELETE FROM "CommunityMembership" WHERE "id" LIKE 'e2e00000-0000-4000-a000-00000000120%';
-- DELETE FROM "PasswordCredential" WHERE "userId" LIKE 'e2e00000-0000-4000-a000-00000000100%';
-- DELETE FROM "auth_security_states" WHERE "user_id" LIKE 'e2e00000-0000-4000-a000-00000000100%';
-- DELETE FROM "User" WHERE "id" LIKE 'e2e00000-0000-4000-a000-00000000100%';
-- COMMIT;
