-- ============================================================
-- 朝ヨガサークル 大量メンバー追加（100人）
-- 朝ヨガサークル (test-community-yoga-001) に100人のテストユーザーを追加
-- ============================================================
-- 実行: cd backend && PGPASSWORD=app_password psql -h localhost -p 5432 -U app_user -d reserve_manage -f infra/database/seeds/testdata/yoga-bulk-members.sql
-- 削除: 末尾のDELETE文をコメント解除して実行

BEGIN;

-- ============================================================
-- 1. テストユーザー 100人作成
--    ID: test-user-yoga-bulk-001 ~ test-user-yoga-bulk-100
--    パスワード: Test1234! (共通ハッシュ)
-- ============================================================

INSERT INTO "User" ("id", "displayName", "plan", "email", "avatarUrl", "biography", "notificationSetting", "createdAt", "updatedAt")
VALUES
  ('test-user-yoga-bulk-001', 'YogaUser001', 'FREE', 'yoga-bulk-001@test.com', NULL, 'ヨガ大量テストユーザー 001', '{}', NOW() - INTERVAL '14 days', NOW()),
  ('test-user-yoga-bulk-002', 'YogaUser002', 'FREE', 'yoga-bulk-002@test.com', NULL, 'ヨガ大量テストユーザー 002', '{}', NOW() - INTERVAL '14 days', NOW()),
  ('test-user-yoga-bulk-003', 'YogaUser003', 'FREE', 'yoga-bulk-003@test.com', NULL, 'ヨガ大量テストユーザー 003', '{}', NOW() - INTERVAL '14 days', NOW()),
  ('test-user-yoga-bulk-004', 'YogaUser004', 'FREE', 'yoga-bulk-004@test.com', NULL, 'ヨガ大量テストユーザー 004', '{}', NOW() - INTERVAL '14 days', NOW()),
  ('test-user-yoga-bulk-005', 'YogaUser005', 'FREE', 'yoga-bulk-005@test.com', NULL, 'ヨガ大量テストユーザー 005', '{}', NOW() - INTERVAL '14 days', NOW()),
  ('test-user-yoga-bulk-006', 'YogaUser006', 'FREE', 'yoga-bulk-006@test.com', NULL, 'ヨガ大量テストユーザー 006', '{}', NOW() - INTERVAL '14 days', NOW()),
  ('test-user-yoga-bulk-007', 'YogaUser007', 'FREE', 'yoga-bulk-007@test.com', NULL, 'ヨガ大量テストユーザー 007', '{}', NOW() - INTERVAL '14 days', NOW()),
  ('test-user-yoga-bulk-008', 'YogaUser008', 'FREE', 'yoga-bulk-008@test.com', NULL, 'ヨガ大量テストユーザー 008', '{}', NOW() - INTERVAL '14 days', NOW()),
  ('test-user-yoga-bulk-009', 'YogaUser009', 'FREE', 'yoga-bulk-009@test.com', NULL, 'ヨガ大量テストユーザー 009', '{}', NOW() - INTERVAL '14 days', NOW()),
  ('test-user-yoga-bulk-010', 'YogaUser010', 'FREE', 'yoga-bulk-010@test.com', NULL, 'ヨガ大量テストユーザー 010', '{}', NOW() - INTERVAL '14 days', NOW()),
  ('test-user-yoga-bulk-011', 'YogaUser011', 'FREE', 'yoga-bulk-011@test.com', NULL, 'ヨガ大量テストユーザー 011', '{}', NOW() - INTERVAL '13 days', NOW()),
  ('test-user-yoga-bulk-012', 'YogaUser012', 'FREE', 'yoga-bulk-012@test.com', NULL, 'ヨガ大量テストユーザー 012', '{}', NOW() - INTERVAL '13 days', NOW()),
  ('test-user-yoga-bulk-013', 'YogaUser013', 'FREE', 'yoga-bulk-013@test.com', NULL, 'ヨガ大量テストユーザー 013', '{}', NOW() - INTERVAL '13 days', NOW()),
  ('test-user-yoga-bulk-014', 'YogaUser014', 'FREE', 'yoga-bulk-014@test.com', NULL, 'ヨガ大量テストユーザー 014', '{}', NOW() - INTERVAL '13 days', NOW()),
  ('test-user-yoga-bulk-015', 'YogaUser015', 'FREE', 'yoga-bulk-015@test.com', NULL, 'ヨガ大量テストユーザー 015', '{}', NOW() - INTERVAL '13 days', NOW()),
  ('test-user-yoga-bulk-016', 'YogaUser016', 'FREE', 'yoga-bulk-016@test.com', NULL, 'ヨガ大量テストユーザー 016', '{}', NOW() - INTERVAL '13 days', NOW()),
  ('test-user-yoga-bulk-017', 'YogaUser017', 'FREE', 'yoga-bulk-017@test.com', NULL, 'ヨガ大量テストユーザー 017', '{}', NOW() - INTERVAL '13 days', NOW()),
  ('test-user-yoga-bulk-018', 'YogaUser018', 'FREE', 'yoga-bulk-018@test.com', NULL, 'ヨガ大量テストユーザー 018', '{}', NOW() - INTERVAL '13 days', NOW()),
  ('test-user-yoga-bulk-019', 'YogaUser019', 'FREE', 'yoga-bulk-019@test.com', NULL, 'ヨガ大量テストユーザー 019', '{}', NOW() - INTERVAL '13 days', NOW()),
  ('test-user-yoga-bulk-020', 'YogaUser020', 'FREE', 'yoga-bulk-020@test.com', NULL, 'ヨガ大量テストユーザー 020', '{}', NOW() - INTERVAL '13 days', NOW()),
  ('test-user-yoga-bulk-021', 'YogaUser021', 'FREE', 'yoga-bulk-021@test.com', NULL, 'ヨガ大量テストユーザー 021', '{}', NOW() - INTERVAL '12 days', NOW()),
  ('test-user-yoga-bulk-022', 'YogaUser022', 'FREE', 'yoga-bulk-022@test.com', NULL, 'ヨガ大量テストユーザー 022', '{}', NOW() - INTERVAL '12 days', NOW()),
  ('test-user-yoga-bulk-023', 'YogaUser023', 'FREE', 'yoga-bulk-023@test.com', NULL, 'ヨガ大量テストユーザー 023', '{}', NOW() - INTERVAL '12 days', NOW()),
  ('test-user-yoga-bulk-024', 'YogaUser024', 'FREE', 'yoga-bulk-024@test.com', NULL, 'ヨガ大量テストユーザー 024', '{}', NOW() - INTERVAL '12 days', NOW()),
  ('test-user-yoga-bulk-025', 'YogaUser025', 'FREE', 'yoga-bulk-025@test.com', NULL, 'ヨガ大量テストユーザー 025', '{}', NOW() - INTERVAL '12 days', NOW()),
  ('test-user-yoga-bulk-026', 'YogaUser026', 'FREE', 'yoga-bulk-026@test.com', NULL, 'ヨガ大量テストユーザー 026', '{}', NOW() - INTERVAL '12 days', NOW()),
  ('test-user-yoga-bulk-027', 'YogaUser027', 'FREE', 'yoga-bulk-027@test.com', NULL, 'ヨガ大量テストユーザー 027', '{}', NOW() - INTERVAL '12 days', NOW()),
  ('test-user-yoga-bulk-028', 'YogaUser028', 'FREE', 'yoga-bulk-028@test.com', NULL, 'ヨガ大量テストユーザー 028', '{}', NOW() - INTERVAL '12 days', NOW()),
  ('test-user-yoga-bulk-029', 'YogaUser029', 'FREE', 'yoga-bulk-029@test.com', NULL, 'ヨガ大量テストユーザー 029', '{}', NOW() - INTERVAL '12 days', NOW()),
  ('test-user-yoga-bulk-030', 'YogaUser030', 'FREE', 'yoga-bulk-030@test.com', NULL, 'ヨガ大量テストユーザー 030', '{}', NOW() - INTERVAL '12 days', NOW()),
  ('test-user-yoga-bulk-031', 'YogaUser031', 'FREE', 'yoga-bulk-031@test.com', NULL, 'ヨガ大量テストユーザー 031', '{}', NOW() - INTERVAL '11 days', NOW()),
  ('test-user-yoga-bulk-032', 'YogaUser032', 'FREE', 'yoga-bulk-032@test.com', NULL, 'ヨガ大量テストユーザー 032', '{}', NOW() - INTERVAL '11 days', NOW()),
  ('test-user-yoga-bulk-033', 'YogaUser033', 'FREE', 'yoga-bulk-033@test.com', NULL, 'ヨガ大量テストユーザー 033', '{}', NOW() - INTERVAL '11 days', NOW()),
  ('test-user-yoga-bulk-034', 'YogaUser034', 'FREE', 'yoga-bulk-034@test.com', NULL, 'ヨガ大量テストユーザー 034', '{}', NOW() - INTERVAL '11 days', NOW()),
  ('test-user-yoga-bulk-035', 'YogaUser035', 'FREE', 'yoga-bulk-035@test.com', NULL, 'ヨガ大量テストユーザー 035', '{}', NOW() - INTERVAL '11 days', NOW()),
  ('test-user-yoga-bulk-036', 'YogaUser036', 'FREE', 'yoga-bulk-036@test.com', NULL, 'ヨガ大量テストユーザー 036', '{}', NOW() - INTERVAL '11 days', NOW()),
  ('test-user-yoga-bulk-037', 'YogaUser037', 'FREE', 'yoga-bulk-037@test.com', NULL, 'ヨガ大量テストユーザー 037', '{}', NOW() - INTERVAL '11 days', NOW()),
  ('test-user-yoga-bulk-038', 'YogaUser038', 'FREE', 'yoga-bulk-038@test.com', NULL, 'ヨガ大量テストユーザー 038', '{}', NOW() - INTERVAL '11 days', NOW()),
  ('test-user-yoga-bulk-039', 'YogaUser039', 'FREE', 'yoga-bulk-039@test.com', NULL, 'ヨガ大量テストユーザー 039', '{}', NOW() - INTERVAL '11 days', NOW()),
  ('test-user-yoga-bulk-040', 'YogaUser040', 'FREE', 'yoga-bulk-040@test.com', NULL, 'ヨガ大量テストユーザー 040', '{}', NOW() - INTERVAL '11 days', NOW()),
  ('test-user-yoga-bulk-041', 'YogaUser041', 'FREE', 'yoga-bulk-041@test.com', NULL, 'ヨガ大量テストユーザー 041', '{}', NOW() - INTERVAL '10 days', NOW()),
  ('test-user-yoga-bulk-042', 'YogaUser042', 'FREE', 'yoga-bulk-042@test.com', NULL, 'ヨガ大量テストユーザー 042', '{}', NOW() - INTERVAL '10 days', NOW()),
  ('test-user-yoga-bulk-043', 'YogaUser043', 'FREE', 'yoga-bulk-043@test.com', NULL, 'ヨガ大量テストユーザー 043', '{}', NOW() - INTERVAL '10 days', NOW()),
  ('test-user-yoga-bulk-044', 'YogaUser044', 'FREE', 'yoga-bulk-044@test.com', NULL, 'ヨガ大量テストユーザー 044', '{}', NOW() - INTERVAL '10 days', NOW()),
  ('test-user-yoga-bulk-045', 'YogaUser045', 'FREE', 'yoga-bulk-045@test.com', NULL, 'ヨガ大量テストユーザー 045', '{}', NOW() - INTERVAL '10 days', NOW()),
  ('test-user-yoga-bulk-046', 'YogaUser046', 'FREE', 'yoga-bulk-046@test.com', NULL, 'ヨガ大量テストユーザー 046', '{}', NOW() - INTERVAL '10 days', NOW()),
  ('test-user-yoga-bulk-047', 'YogaUser047', 'FREE', 'yoga-bulk-047@test.com', NULL, 'ヨガ大量テストユーザー 047', '{}', NOW() - INTERVAL '10 days', NOW()),
  ('test-user-yoga-bulk-048', 'YogaUser048', 'FREE', 'yoga-bulk-048@test.com', NULL, 'ヨガ大量テストユーザー 048', '{}', NOW() - INTERVAL '10 days', NOW()),
  ('test-user-yoga-bulk-049', 'YogaUser049', 'FREE', 'yoga-bulk-049@test.com', NULL, 'ヨガ大量テストユーザー 049', '{}', NOW() - INTERVAL '10 days', NOW()),
  ('test-user-yoga-bulk-050', 'YogaUser050', 'FREE', 'yoga-bulk-050@test.com', NULL, 'ヨガ大量テストユーザー 050', '{}', NOW() - INTERVAL '10 days', NOW()),
  ('test-user-yoga-bulk-051', 'YogaUser051', 'FREE', 'yoga-bulk-051@test.com', NULL, 'ヨガ大量テストユーザー 051', '{}', NOW() - INTERVAL '9 days', NOW()),
  ('test-user-yoga-bulk-052', 'YogaUser052', 'FREE', 'yoga-bulk-052@test.com', NULL, 'ヨガ大量テストユーザー 052', '{}', NOW() - INTERVAL '9 days', NOW()),
  ('test-user-yoga-bulk-053', 'YogaUser053', 'FREE', 'yoga-bulk-053@test.com', NULL, 'ヨガ大量テストユーザー 053', '{}', NOW() - INTERVAL '9 days', NOW()),
  ('test-user-yoga-bulk-054', 'YogaUser054', 'FREE', 'yoga-bulk-054@test.com', NULL, 'ヨガ大量テストユーザー 054', '{}', NOW() - INTERVAL '9 days', NOW()),
  ('test-user-yoga-bulk-055', 'YogaUser055', 'FREE', 'yoga-bulk-055@test.com', NULL, 'ヨガ大量テストユーザー 055', '{}', NOW() - INTERVAL '9 days', NOW()),
  ('test-user-yoga-bulk-056', 'YogaUser056', 'FREE', 'yoga-bulk-056@test.com', NULL, 'ヨガ大量テストユーザー 056', '{}', NOW() - INTERVAL '9 days', NOW()),
  ('test-user-yoga-bulk-057', 'YogaUser057', 'FREE', 'yoga-bulk-057@test.com', NULL, 'ヨガ大量テストユーザー 057', '{}', NOW() - INTERVAL '9 days', NOW()),
  ('test-user-yoga-bulk-058', 'YogaUser058', 'FREE', 'yoga-bulk-058@test.com', NULL, 'ヨガ大量テストユーザー 058', '{}', NOW() - INTERVAL '9 days', NOW()),
  ('test-user-yoga-bulk-059', 'YogaUser059', 'FREE', 'yoga-bulk-059@test.com', NULL, 'ヨガ大量テストユーザー 059', '{}', NOW() - INTERVAL '9 days', NOW()),
  ('test-user-yoga-bulk-060', 'YogaUser060', 'FREE', 'yoga-bulk-060@test.com', NULL, 'ヨガ大量テストユーザー 060', '{}', NOW() - INTERVAL '9 days', NOW()),
  ('test-user-yoga-bulk-061', 'YogaUser061', 'FREE', 'yoga-bulk-061@test.com', NULL, 'ヨガ大量テストユーザー 061', '{}', NOW() - INTERVAL '8 days', NOW()),
  ('test-user-yoga-bulk-062', 'YogaUser062', 'FREE', 'yoga-bulk-062@test.com', NULL, 'ヨガ大量テストユーザー 062', '{}', NOW() - INTERVAL '8 days', NOW()),
  ('test-user-yoga-bulk-063', 'YogaUser063', 'FREE', 'yoga-bulk-063@test.com', NULL, 'ヨガ大量テストユーザー 063', '{}', NOW() - INTERVAL '8 days', NOW()),
  ('test-user-yoga-bulk-064', 'YogaUser064', 'FREE', 'yoga-bulk-064@test.com', NULL, 'ヨガ大量テストユーザー 064', '{}', NOW() - INTERVAL '8 days', NOW()),
  ('test-user-yoga-bulk-065', 'YogaUser065', 'FREE', 'yoga-bulk-065@test.com', NULL, 'ヨガ大量テストユーザー 065', '{}', NOW() - INTERVAL '8 days', NOW()),
  ('test-user-yoga-bulk-066', 'YogaUser066', 'FREE', 'yoga-bulk-066@test.com', NULL, 'ヨガ大量テストユーザー 066', '{}', NOW() - INTERVAL '8 days', NOW()),
  ('test-user-yoga-bulk-067', 'YogaUser067', 'FREE', 'yoga-bulk-067@test.com', NULL, 'ヨガ大量テストユーザー 067', '{}', NOW() - INTERVAL '8 days', NOW()),
  ('test-user-yoga-bulk-068', 'YogaUser068', 'FREE', 'yoga-bulk-068@test.com', NULL, 'ヨガ大量テストユーザー 068', '{}', NOW() - INTERVAL '8 days', NOW()),
  ('test-user-yoga-bulk-069', 'YogaUser069', 'FREE', 'yoga-bulk-069@test.com', NULL, 'ヨガ大量テストユーザー 069', '{}', NOW() - INTERVAL '8 days', NOW()),
  ('test-user-yoga-bulk-070', 'YogaUser070', 'FREE', 'yoga-bulk-070@test.com', NULL, 'ヨガ大量テストユーザー 070', '{}', NOW() - INTERVAL '8 days', NOW()),
  ('test-user-yoga-bulk-071', 'YogaUser071', 'FREE', 'yoga-bulk-071@test.com', NULL, 'ヨガ大量テストユーザー 071', '{}', NOW() - INTERVAL '7 days', NOW()),
  ('test-user-yoga-bulk-072', 'YogaUser072', 'FREE', 'yoga-bulk-072@test.com', NULL, 'ヨガ大量テストユーザー 072', '{}', NOW() - INTERVAL '7 days', NOW()),
  ('test-user-yoga-bulk-073', 'YogaUser073', 'FREE', 'yoga-bulk-073@test.com', NULL, 'ヨガ大量テストユーザー 073', '{}', NOW() - INTERVAL '7 days', NOW()),
  ('test-user-yoga-bulk-074', 'YogaUser074', 'FREE', 'yoga-bulk-074@test.com', NULL, 'ヨガ大量テストユーザー 074', '{}', NOW() - INTERVAL '7 days', NOW()),
  ('test-user-yoga-bulk-075', 'YogaUser075', 'FREE', 'yoga-bulk-075@test.com', NULL, 'ヨガ大量テストユーザー 075', '{}', NOW() - INTERVAL '7 days', NOW()),
  ('test-user-yoga-bulk-076', 'YogaUser076', 'FREE', 'yoga-bulk-076@test.com', NULL, 'ヨガ大量テストユーザー 076', '{}', NOW() - INTERVAL '7 days', NOW()),
  ('test-user-yoga-bulk-077', 'YogaUser077', 'FREE', 'yoga-bulk-077@test.com', NULL, 'ヨガ大量テストユーザー 077', '{}', NOW() - INTERVAL '7 days', NOW()),
  ('test-user-yoga-bulk-078', 'YogaUser078', 'FREE', 'yoga-bulk-078@test.com', NULL, 'ヨガ大量テストユーザー 078', '{}', NOW() - INTERVAL '7 days', NOW()),
  ('test-user-yoga-bulk-079', 'YogaUser079', 'FREE', 'yoga-bulk-079@test.com', NULL, 'ヨガ大量テストユーザー 079', '{}', NOW() - INTERVAL '7 days', NOW()),
  ('test-user-yoga-bulk-080', 'YogaUser080', 'FREE', 'yoga-bulk-080@test.com', NULL, 'ヨガ大量テストユーザー 080', '{}', NOW() - INTERVAL '7 days', NOW()),
  ('test-user-yoga-bulk-081', 'YogaUser081', 'FREE', 'yoga-bulk-081@test.com', NULL, 'ヨガ大量テストユーザー 081', '{}', NOW() - INTERVAL '6 days', NOW()),
  ('test-user-yoga-bulk-082', 'YogaUser082', 'FREE', 'yoga-bulk-082@test.com', NULL, 'ヨガ大量テストユーザー 082', '{}', NOW() - INTERVAL '6 days', NOW()),
  ('test-user-yoga-bulk-083', 'YogaUser083', 'FREE', 'yoga-bulk-083@test.com', NULL, 'ヨガ大量テストユーザー 083', '{}', NOW() - INTERVAL '6 days', NOW()),
  ('test-user-yoga-bulk-084', 'YogaUser084', 'FREE', 'yoga-bulk-084@test.com', NULL, 'ヨガ大量テストユーザー 084', '{}', NOW() - INTERVAL '6 days', NOW()),
  ('test-user-yoga-bulk-085', 'YogaUser085', 'FREE', 'yoga-bulk-085@test.com', NULL, 'ヨガ大量テストユーザー 085', '{}', NOW() - INTERVAL '6 days', NOW()),
  ('test-user-yoga-bulk-086', 'YogaUser086', 'FREE', 'yoga-bulk-086@test.com', NULL, 'ヨガ大量テストユーザー 086', '{}', NOW() - INTERVAL '6 days', NOW()),
  ('test-user-yoga-bulk-087', 'YogaUser087', 'FREE', 'yoga-bulk-087@test.com', NULL, 'ヨガ大量テストユーザー 087', '{}', NOW() - INTERVAL '6 days', NOW()),
  ('test-user-yoga-bulk-088', 'YogaUser088', 'FREE', 'yoga-bulk-088@test.com', NULL, 'ヨガ大量テストユーザー 088', '{}', NOW() - INTERVAL '6 days', NOW()),
  ('test-user-yoga-bulk-089', 'YogaUser089', 'FREE', 'yoga-bulk-089@test.com', NULL, 'ヨガ大量テストユーザー 089', '{}', NOW() - INTERVAL '6 days', NOW()),
  ('test-user-yoga-bulk-090', 'YogaUser090', 'FREE', 'yoga-bulk-090@test.com', NULL, 'ヨガ大量テストユーザー 090', '{}', NOW() - INTERVAL '6 days', NOW()),
  ('test-user-yoga-bulk-091', 'YogaUser091', 'FREE', 'yoga-bulk-091@test.com', NULL, 'ヨガ大量テストユーザー 091', '{}', NOW() - INTERVAL '5 days', NOW()),
  ('test-user-yoga-bulk-092', 'YogaUser092', 'FREE', 'yoga-bulk-092@test.com', NULL, 'ヨガ大量テストユーザー 092', '{}', NOW() - INTERVAL '5 days', NOW()),
  ('test-user-yoga-bulk-093', 'YogaUser093', 'FREE', 'yoga-bulk-093@test.com', NULL, 'ヨガ大量テストユーザー 093', '{}', NOW() - INTERVAL '5 days', NOW()),
  ('test-user-yoga-bulk-094', 'YogaUser094', 'FREE', 'yoga-bulk-094@test.com', NULL, 'ヨガ大量テストユーザー 094', '{}', NOW() - INTERVAL '5 days', NOW()),
  ('test-user-yoga-bulk-095', 'YogaUser095', 'FREE', 'yoga-bulk-095@test.com', NULL, 'ヨガ大量テストユーザー 095', '{}', NOW() - INTERVAL '5 days', NOW()),
  ('test-user-yoga-bulk-096', 'YogaUser096', 'FREE', 'yoga-bulk-096@test.com', NULL, 'ヨガ大量テストユーザー 096', '{}', NOW() - INTERVAL '5 days', NOW()),
  ('test-user-yoga-bulk-097', 'YogaUser097', 'FREE', 'yoga-bulk-097@test.com', NULL, 'ヨガ大量テストユーザー 097', '{}', NOW() - INTERVAL '5 days', NOW()),
  ('test-user-yoga-bulk-098', 'YogaUser098', 'FREE', 'yoga-bulk-098@test.com', NULL, 'ヨガ大量テストユーザー 098', '{}', NOW() - INTERVAL '5 days', NOW()),
  ('test-user-yoga-bulk-099', 'YogaUser099', 'FREE', 'yoga-bulk-099@test.com', NULL, 'ヨガ大量テストユーザー 099', '{}', NOW() - INTERVAL '5 days', NOW()),
  ('test-user-yoga-bulk-100', 'YogaUser100', 'FREE', 'yoga-bulk-100@test.com', NULL, 'ヨガ大量テストユーザー 100', '{}', NOW() - INTERVAL '5 days', NOW())
ON CONFLICT ("id") DO NOTHING;

-- ============================================================
-- 2. パスワード認証情報（共通パスワード: Test1234!）
-- ============================================================

INSERT INTO "PasswordCredential" ("userId", "hashedPassword", "createdAt", "updatedAt")
VALUES
  ('test-user-yoga-bulk-001', '$2b$10$/v0yU0NLpEk7tep3BkuWIedxeUksLil3sh6ffw81LmEH.jbdar/Hu', NOW(), NOW()),
  ('test-user-yoga-bulk-002', '$2b$10$/v0yU0NLpEk7tep3BkuWIedxeUksLil3sh6ffw81LmEH.jbdar/Hu', NOW(), NOW()),
  ('test-user-yoga-bulk-003', '$2b$10$/v0yU0NLpEk7tep3BkuWIedxeUksLil3sh6ffw81LmEH.jbdar/Hu', NOW(), NOW()),
  ('test-user-yoga-bulk-004', '$2b$10$/v0yU0NLpEk7tep3BkuWIedxeUksLil3sh6ffw81LmEH.jbdar/Hu', NOW(), NOW()),
  ('test-user-yoga-bulk-005', '$2b$10$/v0yU0NLpEk7tep3BkuWIedxeUksLil3sh6ffw81LmEH.jbdar/Hu', NOW(), NOW()),
  ('test-user-yoga-bulk-006', '$2b$10$/v0yU0NLpEk7tep3BkuWIedxeUksLil3sh6ffw81LmEH.jbdar/Hu', NOW(), NOW()),
  ('test-user-yoga-bulk-007', '$2b$10$/v0yU0NLpEk7tep3BkuWIedxeUksLil3sh6ffw81LmEH.jbdar/Hu', NOW(), NOW()),
  ('test-user-yoga-bulk-008', '$2b$10$/v0yU0NLpEk7tep3BkuWIedxeUksLil3sh6ffw81LmEH.jbdar/Hu', NOW(), NOW()),
  ('test-user-yoga-bulk-009', '$2b$10$/v0yU0NLpEk7tep3BkuWIedxeUksLil3sh6ffw81LmEH.jbdar/Hu', NOW(), NOW()),
  ('test-user-yoga-bulk-010', '$2b$10$/v0yU0NLpEk7tep3BkuWIedxeUksLil3sh6ffw81LmEH.jbdar/Hu', NOW(), NOW()),
  ('test-user-yoga-bulk-011', '$2b$10$/v0yU0NLpEk7tep3BkuWIedxeUksLil3sh6ffw81LmEH.jbdar/Hu', NOW(), NOW()),
  ('test-user-yoga-bulk-012', '$2b$10$/v0yU0NLpEk7tep3BkuWIedxeUksLil3sh6ffw81LmEH.jbdar/Hu', NOW(), NOW()),
  ('test-user-yoga-bulk-013', '$2b$10$/v0yU0NLpEk7tep3BkuWIedxeUksLil3sh6ffw81LmEH.jbdar/Hu', NOW(), NOW()),
  ('test-user-yoga-bulk-014', '$2b$10$/v0yU0NLpEk7tep3BkuWIedxeUksLil3sh6ffw81LmEH.jbdar/Hu', NOW(), NOW()),
  ('test-user-yoga-bulk-015', '$2b$10$/v0yU0NLpEk7tep3BkuWIedxeUksLil3sh6ffw81LmEH.jbdar/Hu', NOW(), NOW()),
  ('test-user-yoga-bulk-016', '$2b$10$/v0yU0NLpEk7tep3BkuWIedxeUksLil3sh6ffw81LmEH.jbdar/Hu', NOW(), NOW()),
  ('test-user-yoga-bulk-017', '$2b$10$/v0yU0NLpEk7tep3BkuWIedxeUksLil3sh6ffw81LmEH.jbdar/Hu', NOW(), NOW()),
  ('test-user-yoga-bulk-018', '$2b$10$/v0yU0NLpEk7tep3BkuWIedxeUksLil3sh6ffw81LmEH.jbdar/Hu', NOW(), NOW()),
  ('test-user-yoga-bulk-019', '$2b$10$/v0yU0NLpEk7tep3BkuWIedxeUksLil3sh6ffw81LmEH.jbdar/Hu', NOW(), NOW()),
  ('test-user-yoga-bulk-020', '$2b$10$/v0yU0NLpEk7tep3BkuWIedxeUksLil3sh6ffw81LmEH.jbdar/Hu', NOW(), NOW()),
  ('test-user-yoga-bulk-021', '$2b$10$/v0yU0NLpEk7tep3BkuWIedxeUksLil3sh6ffw81LmEH.jbdar/Hu', NOW(), NOW()),
  ('test-user-yoga-bulk-022', '$2b$10$/v0yU0NLpEk7tep3BkuWIedxeUksLil3sh6ffw81LmEH.jbdar/Hu', NOW(), NOW()),
  ('test-user-yoga-bulk-023', '$2b$10$/v0yU0NLpEk7tep3BkuWIedxeUksLil3sh6ffw81LmEH.jbdar/Hu', NOW(), NOW()),
  ('test-user-yoga-bulk-024', '$2b$10$/v0yU0NLpEk7tep3BkuWIedxeUksLil3sh6ffw81LmEH.jbdar/Hu', NOW(), NOW()),
  ('test-user-yoga-bulk-025', '$2b$10$/v0yU0NLpEk7tep3BkuWIedxeUksLil3sh6ffw81LmEH.jbdar/Hu', NOW(), NOW()),
  ('test-user-yoga-bulk-026', '$2b$10$/v0yU0NLpEk7tep3BkuWIedxeUksLil3sh6ffw81LmEH.jbdar/Hu', NOW(), NOW()),
  ('test-user-yoga-bulk-027', '$2b$10$/v0yU0NLpEk7tep3BkuWIedxeUksLil3sh6ffw81LmEH.jbdar/Hu', NOW(), NOW()),
  ('test-user-yoga-bulk-028', '$2b$10$/v0yU0NLpEk7tep3BkuWIedxeUksLil3sh6ffw81LmEH.jbdar/Hu', NOW(), NOW()),
  ('test-user-yoga-bulk-029', '$2b$10$/v0yU0NLpEk7tep3BkuWIedxeUksLil3sh6ffw81LmEH.jbdar/Hu', NOW(), NOW()),
  ('test-user-yoga-bulk-030', '$2b$10$/v0yU0NLpEk7tep3BkuWIedxeUksLil3sh6ffw81LmEH.jbdar/Hu', NOW(), NOW()),
  ('test-user-yoga-bulk-031', '$2b$10$/v0yU0NLpEk7tep3BkuWIedxeUksLil3sh6ffw81LmEH.jbdar/Hu', NOW(), NOW()),
  ('test-user-yoga-bulk-032', '$2b$10$/v0yU0NLpEk7tep3BkuWIedxeUksLil3sh6ffw81LmEH.jbdar/Hu', NOW(), NOW()),
  ('test-user-yoga-bulk-033', '$2b$10$/v0yU0NLpEk7tep3BkuWIedxeUksLil3sh6ffw81LmEH.jbdar/Hu', NOW(), NOW()),
  ('test-user-yoga-bulk-034', '$2b$10$/v0yU0NLpEk7tep3BkuWIedxeUksLil3sh6ffw81LmEH.jbdar/Hu', NOW(), NOW()),
  ('test-user-yoga-bulk-035', '$2b$10$/v0yU0NLpEk7tep3BkuWIedxeUksLil3sh6ffw81LmEH.jbdar/Hu', NOW(), NOW()),
  ('test-user-yoga-bulk-036', '$2b$10$/v0yU0NLpEk7tep3BkuWIedxeUksLil3sh6ffw81LmEH.jbdar/Hu', NOW(), NOW()),
  ('test-user-yoga-bulk-037', '$2b$10$/v0yU0NLpEk7tep3BkuWIedxeUksLil3sh6ffw81LmEH.jbdar/Hu', NOW(), NOW()),
  ('test-user-yoga-bulk-038', '$2b$10$/v0yU0NLpEk7tep3BkuWIedxeUksLil3sh6ffw81LmEH.jbdar/Hu', NOW(), NOW()),
  ('test-user-yoga-bulk-039', '$2b$10$/v0yU0NLpEk7tep3BkuWIedxeUksLil3sh6ffw81LmEH.jbdar/Hu', NOW(), NOW()),
  ('test-user-yoga-bulk-040', '$2b$10$/v0yU0NLpEk7tep3BkuWIedxeUksLil3sh6ffw81LmEH.jbdar/Hu', NOW(), NOW()),
  ('test-user-yoga-bulk-041', '$2b$10$/v0yU0NLpEk7tep3BkuWIedxeUksLil3sh6ffw81LmEH.jbdar/Hu', NOW(), NOW()),
  ('test-user-yoga-bulk-042', '$2b$10$/v0yU0NLpEk7tep3BkuWIedxeUksLil3sh6ffw81LmEH.jbdar/Hu', NOW(), NOW()),
  ('test-user-yoga-bulk-043', '$2b$10$/v0yU0NLpEk7tep3BkuWIedxeUksLil3sh6ffw81LmEH.jbdar/Hu', NOW(), NOW()),
  ('test-user-yoga-bulk-044', '$2b$10$/v0yU0NLpEk7tep3BkuWIedxeUksLil3sh6ffw81LmEH.jbdar/Hu', NOW(), NOW()),
  ('test-user-yoga-bulk-045', '$2b$10$/v0yU0NLpEk7tep3BkuWIedxeUksLil3sh6ffw81LmEH.jbdar/Hu', NOW(), NOW()),
  ('test-user-yoga-bulk-046', '$2b$10$/v0yU0NLpEk7tep3BkuWIedxeUksLil3sh6ffw81LmEH.jbdar/Hu', NOW(), NOW()),
  ('test-user-yoga-bulk-047', '$2b$10$/v0yU0NLpEk7tep3BkuWIedxeUksLil3sh6ffw81LmEH.jbdar/Hu', NOW(), NOW()),
  ('test-user-yoga-bulk-048', '$2b$10$/v0yU0NLpEk7tep3BkuWIedxeUksLil3sh6ffw81LmEH.jbdar/Hu', NOW(), NOW()),
  ('test-user-yoga-bulk-049', '$2b$10$/v0yU0NLpEk7tep3BkuWIedxeUksLil3sh6ffw81LmEH.jbdar/Hu', NOW(), NOW()),
  ('test-user-yoga-bulk-050', '$2b$10$/v0yU0NLpEk7tep3BkuWIedxeUksLil3sh6ffw81LmEH.jbdar/Hu', NOW(), NOW()),
  ('test-user-yoga-bulk-051', '$2b$10$/v0yU0NLpEk7tep3BkuWIedxeUksLil3sh6ffw81LmEH.jbdar/Hu', NOW(), NOW()),
  ('test-user-yoga-bulk-052', '$2b$10$/v0yU0NLpEk7tep3BkuWIedxeUksLil3sh6ffw81LmEH.jbdar/Hu', NOW(), NOW()),
  ('test-user-yoga-bulk-053', '$2b$10$/v0yU0NLpEk7tep3BkuWIedxeUksLil3sh6ffw81LmEH.jbdar/Hu', NOW(), NOW()),
  ('test-user-yoga-bulk-054', '$2b$10$/v0yU0NLpEk7tep3BkuWIedxeUksLil3sh6ffw81LmEH.jbdar/Hu', NOW(), NOW()),
  ('test-user-yoga-bulk-055', '$2b$10$/v0yU0NLpEk7tep3BkuWIedxeUksLil3sh6ffw81LmEH.jbdar/Hu', NOW(), NOW()),
  ('test-user-yoga-bulk-056', '$2b$10$/v0yU0NLpEk7tep3BkuWIedxeUksLil3sh6ffw81LmEH.jbdar/Hu', NOW(), NOW()),
  ('test-user-yoga-bulk-057', '$2b$10$/v0yU0NLpEk7tep3BkuWIedxeUksLil3sh6ffw81LmEH.jbdar/Hu', NOW(), NOW()),
  ('test-user-yoga-bulk-058', '$2b$10$/v0yU0NLpEk7tep3BkuWIedxeUksLil3sh6ffw81LmEH.jbdar/Hu', NOW(), NOW()),
  ('test-user-yoga-bulk-059', '$2b$10$/v0yU0NLpEk7tep3BkuWIedxeUksLil3sh6ffw81LmEH.jbdar/Hu', NOW(), NOW()),
  ('test-user-yoga-bulk-060', '$2b$10$/v0yU0NLpEk7tep3BkuWIedxeUksLil3sh6ffw81LmEH.jbdar/Hu', NOW(), NOW()),
  ('test-user-yoga-bulk-061', '$2b$10$/v0yU0NLpEk7tep3BkuWIedxeUksLil3sh6ffw81LmEH.jbdar/Hu', NOW(), NOW()),
  ('test-user-yoga-bulk-062', '$2b$10$/v0yU0NLpEk7tep3BkuWIedxeUksLil3sh6ffw81LmEH.jbdar/Hu', NOW(), NOW()),
  ('test-user-yoga-bulk-063', '$2b$10$/v0yU0NLpEk7tep3BkuWIedxeUksLil3sh6ffw81LmEH.jbdar/Hu', NOW(), NOW()),
  ('test-user-yoga-bulk-064', '$2b$10$/v0yU0NLpEk7tep3BkuWIedxeUksLil3sh6ffw81LmEH.jbdar/Hu', NOW(), NOW()),
  ('test-user-yoga-bulk-065', '$2b$10$/v0yU0NLpEk7tep3BkuWIedxeUksLil3sh6ffw81LmEH.jbdar/Hu', NOW(), NOW()),
  ('test-user-yoga-bulk-066', '$2b$10$/v0yU0NLpEk7tep3BkuWIedxeUksLil3sh6ffw81LmEH.jbdar/Hu', NOW(), NOW()),
  ('test-user-yoga-bulk-067', '$2b$10$/v0yU0NLpEk7tep3BkuWIedxeUksLil3sh6ffw81LmEH.jbdar/Hu', NOW(), NOW()),
  ('test-user-yoga-bulk-068', '$2b$10$/v0yU0NLpEk7tep3BkuWIedxeUksLil3sh6ffw81LmEH.jbdar/Hu', NOW(), NOW()),
  ('test-user-yoga-bulk-069', '$2b$10$/v0yU0NLpEk7tep3BkuWIedxeUksLil3sh6ffw81LmEH.jbdar/Hu', NOW(), NOW()),
  ('test-user-yoga-bulk-070', '$2b$10$/v0yU0NLpEk7tep3BkuWIedxeUksLil3sh6ffw81LmEH.jbdar/Hu', NOW(), NOW()),
  ('test-user-yoga-bulk-071', '$2b$10$/v0yU0NLpEk7tep3BkuWIedxeUksLil3sh6ffw81LmEH.jbdar/Hu', NOW(), NOW()),
  ('test-user-yoga-bulk-072', '$2b$10$/v0yU0NLpEk7tep3BkuWIedxeUksLil3sh6ffw81LmEH.jbdar/Hu', NOW(), NOW()),
  ('test-user-yoga-bulk-073', '$2b$10$/v0yU0NLpEk7tep3BkuWIedxeUksLil3sh6ffw81LmEH.jbdar/Hu', NOW(), NOW()),
  ('test-user-yoga-bulk-074', '$2b$10$/v0yU0NLpEk7tep3BkuWIedxeUksLil3sh6ffw81LmEH.jbdar/Hu', NOW(), NOW()),
  ('test-user-yoga-bulk-075', '$2b$10$/v0yU0NLpEk7tep3BkuWIedxeUksLil3sh6ffw81LmEH.jbdar/Hu', NOW(), NOW()),
  ('test-user-yoga-bulk-076', '$2b$10$/v0yU0NLpEk7tep3BkuWIedxeUksLil3sh6ffw81LmEH.jbdar/Hu', NOW(), NOW()),
  ('test-user-yoga-bulk-077', '$2b$10$/v0yU0NLpEk7tep3BkuWIedxeUksLil3sh6ffw81LmEH.jbdar/Hu', NOW(), NOW()),
  ('test-user-yoga-bulk-078', '$2b$10$/v0yU0NLpEk7tep3BkuWIedxeUksLil3sh6ffw81LmEH.jbdar/Hu', NOW(), NOW()),
  ('test-user-yoga-bulk-079', '$2b$10$/v0yU0NLpEk7tep3BkuWIedxeUksLil3sh6ffw81LmEH.jbdar/Hu', NOW(), NOW()),
  ('test-user-yoga-bulk-080', '$2b$10$/v0yU0NLpEk7tep3BkuWIedxeUksLil3sh6ffw81LmEH.jbdar/Hu', NOW(), NOW()),
  ('test-user-yoga-bulk-081', '$2b$10$/v0yU0NLpEk7tep3BkuWIedxeUksLil3sh6ffw81LmEH.jbdar/Hu', NOW(), NOW()),
  ('test-user-yoga-bulk-082', '$2b$10$/v0yU0NLpEk7tep3BkuWIedxeUksLil3sh6ffw81LmEH.jbdar/Hu', NOW(), NOW()),
  ('test-user-yoga-bulk-083', '$2b$10$/v0yU0NLpEk7tep3BkuWIedxeUksLil3sh6ffw81LmEH.jbdar/Hu', NOW(), NOW()),
  ('test-user-yoga-bulk-084', '$2b$10$/v0yU0NLpEk7tep3BkuWIedxeUksLil3sh6ffw81LmEH.jbdar/Hu', NOW(), NOW()),
  ('test-user-yoga-bulk-085', '$2b$10$/v0yU0NLpEk7tep3BkuWIedxeUksLil3sh6ffw81LmEH.jbdar/Hu', NOW(), NOW()),
  ('test-user-yoga-bulk-086', '$2b$10$/v0yU0NLpEk7tep3BkuWIedxeUksLil3sh6ffw81LmEH.jbdar/Hu', NOW(), NOW()),
  ('test-user-yoga-bulk-087', '$2b$10$/v0yU0NLpEk7tep3BkuWIedxeUksLil3sh6ffw81LmEH.jbdar/Hu', NOW(), NOW()),
  ('test-user-yoga-bulk-088', '$2b$10$/v0yU0NLpEk7tep3BkuWIedxeUksLil3sh6ffw81LmEH.jbdar/Hu', NOW(), NOW()),
  ('test-user-yoga-bulk-089', '$2b$10$/v0yU0NLpEk7tep3BkuWIedxeUksLil3sh6ffw81LmEH.jbdar/Hu', NOW(), NOW()),
  ('test-user-yoga-bulk-090', '$2b$10$/v0yU0NLpEk7tep3BkuWIedxeUksLil3sh6ffw81LmEH.jbdar/Hu', NOW(), NOW()),
  ('test-user-yoga-bulk-091', '$2b$10$/v0yU0NLpEk7tep3BkuWIedxeUksLil3sh6ffw81LmEH.jbdar/Hu', NOW(), NOW()),
  ('test-user-yoga-bulk-092', '$2b$10$/v0yU0NLpEk7tep3BkuWIedxeUksLil3sh6ffw81LmEH.jbdar/Hu', NOW(), NOW()),
  ('test-user-yoga-bulk-093', '$2b$10$/v0yU0NLpEk7tep3BkuWIedxeUksLil3sh6ffw81LmEH.jbdar/Hu', NOW(), NOW()),
  ('test-user-yoga-bulk-094', '$2b$10$/v0yU0NLpEk7tep3BkuWIedxeUksLil3sh6ffw81LmEH.jbdar/Hu', NOW(), NOW()),
  ('test-user-yoga-bulk-095', '$2b$10$/v0yU0NLpEk7tep3BkuWIedxeUksLil3sh6ffw81LmEH.jbdar/Hu', NOW(), NOW()),
  ('test-user-yoga-bulk-096', '$2b$10$/v0yU0NLpEk7tep3BkuWIedxeUksLil3sh6ffw81LmEH.jbdar/Hu', NOW(), NOW()),
  ('test-user-yoga-bulk-097', '$2b$10$/v0yU0NLpEk7tep3BkuWIedxeUksLil3sh6ffw81LmEH.jbdar/Hu', NOW(), NOW()),
  ('test-user-yoga-bulk-098', '$2b$10$/v0yU0NLpEk7tep3BkuWIedxeUksLil3sh6ffw81LmEH.jbdar/Hu', NOW(), NOW()),
  ('test-user-yoga-bulk-099', '$2b$10$/v0yU0NLpEk7tep3BkuWIedxeUksLil3sh6ffw81LmEH.jbdar/Hu', NOW(), NOW()),
  ('test-user-yoga-bulk-100', '$2b$10$/v0yU0NLpEk7tep3BkuWIedxeUksLil3sh6ffw81LmEH.jbdar/Hu', NOW(), NOW())
ON CONFLICT ("userId") DO NOTHING;

-- ============================================================
-- 3. AuthSecurityState（100人分）
-- ============================================================

INSERT INTO "auth_security_states" ("user_id", "auth_method", "last_login_at", "failed_sign_in_count", "created_at", "updated_at")
VALUES
  ('test-user-yoga-bulk-001', 'password', NOW(), 0, NOW(), NOW()),
  ('test-user-yoga-bulk-002', 'password', NOW(), 0, NOW(), NOW()),
  ('test-user-yoga-bulk-003', 'password', NOW(), 0, NOW(), NOW()),
  ('test-user-yoga-bulk-004', 'password', NOW(), 0, NOW(), NOW()),
  ('test-user-yoga-bulk-005', 'password', NOW(), 0, NOW(), NOW()),
  ('test-user-yoga-bulk-006', 'password', NOW(), 0, NOW(), NOW()),
  ('test-user-yoga-bulk-007', 'password', NOW(), 0, NOW(), NOW()),
  ('test-user-yoga-bulk-008', 'password', NOW(), 0, NOW(), NOW()),
  ('test-user-yoga-bulk-009', 'password', NOW(), 0, NOW(), NOW()),
  ('test-user-yoga-bulk-010', 'password', NOW(), 0, NOW(), NOW()),
  ('test-user-yoga-bulk-011', 'password', NOW(), 0, NOW(), NOW()),
  ('test-user-yoga-bulk-012', 'password', NOW(), 0, NOW(), NOW()),
  ('test-user-yoga-bulk-013', 'password', NOW(), 0, NOW(), NOW()),
  ('test-user-yoga-bulk-014', 'password', NOW(), 0, NOW(), NOW()),
  ('test-user-yoga-bulk-015', 'password', NOW(), 0, NOW(), NOW()),
  ('test-user-yoga-bulk-016', 'password', NOW(), 0, NOW(), NOW()),
  ('test-user-yoga-bulk-017', 'password', NOW(), 0, NOW(), NOW()),
  ('test-user-yoga-bulk-018', 'password', NOW(), 0, NOW(), NOW()),
  ('test-user-yoga-bulk-019', 'password', NOW(), 0, NOW(), NOW()),
  ('test-user-yoga-bulk-020', 'password', NOW(), 0, NOW(), NOW()),
  ('test-user-yoga-bulk-021', 'password', NOW(), 0, NOW(), NOW()),
  ('test-user-yoga-bulk-022', 'password', NOW(), 0, NOW(), NOW()),
  ('test-user-yoga-bulk-023', 'password', NOW(), 0, NOW(), NOW()),
  ('test-user-yoga-bulk-024', 'password', NOW(), 0, NOW(), NOW()),
  ('test-user-yoga-bulk-025', 'password', NOW(), 0, NOW(), NOW()),
  ('test-user-yoga-bulk-026', 'password', NOW(), 0, NOW(), NOW()),
  ('test-user-yoga-bulk-027', 'password', NOW(), 0, NOW(), NOW()),
  ('test-user-yoga-bulk-028', 'password', NOW(), 0, NOW(), NOW()),
  ('test-user-yoga-bulk-029', 'password', NOW(), 0, NOW(), NOW()),
  ('test-user-yoga-bulk-030', 'password', NOW(), 0, NOW(), NOW()),
  ('test-user-yoga-bulk-031', 'password', NOW(), 0, NOW(), NOW()),
  ('test-user-yoga-bulk-032', 'password', NOW(), 0, NOW(), NOW()),
  ('test-user-yoga-bulk-033', 'password', NOW(), 0, NOW(), NOW()),
  ('test-user-yoga-bulk-034', 'password', NOW(), 0, NOW(), NOW()),
  ('test-user-yoga-bulk-035', 'password', NOW(), 0, NOW(), NOW()),
  ('test-user-yoga-bulk-036', 'password', NOW(), 0, NOW(), NOW()),
  ('test-user-yoga-bulk-037', 'password', NOW(), 0, NOW(), NOW()),
  ('test-user-yoga-bulk-038', 'password', NOW(), 0, NOW(), NOW()),
  ('test-user-yoga-bulk-039', 'password', NOW(), 0, NOW(), NOW()),
  ('test-user-yoga-bulk-040', 'password', NOW(), 0, NOW(), NOW()),
  ('test-user-yoga-bulk-041', 'password', NOW(), 0, NOW(), NOW()),
  ('test-user-yoga-bulk-042', 'password', NOW(), 0, NOW(), NOW()),
  ('test-user-yoga-bulk-043', 'password', NOW(), 0, NOW(), NOW()),
  ('test-user-yoga-bulk-044', 'password', NOW(), 0, NOW(), NOW()),
  ('test-user-yoga-bulk-045', 'password', NOW(), 0, NOW(), NOW()),
  ('test-user-yoga-bulk-046', 'password', NOW(), 0, NOW(), NOW()),
  ('test-user-yoga-bulk-047', 'password', NOW(), 0, NOW(), NOW()),
  ('test-user-yoga-bulk-048', 'password', NOW(), 0, NOW(), NOW()),
  ('test-user-yoga-bulk-049', 'password', NOW(), 0, NOW(), NOW()),
  ('test-user-yoga-bulk-050', 'password', NOW(), 0, NOW(), NOW()),
  ('test-user-yoga-bulk-051', 'password', NOW(), 0, NOW(), NOW()),
  ('test-user-yoga-bulk-052', 'password', NOW(), 0, NOW(), NOW()),
  ('test-user-yoga-bulk-053', 'password', NOW(), 0, NOW(), NOW()),
  ('test-user-yoga-bulk-054', 'password', NOW(), 0, NOW(), NOW()),
  ('test-user-yoga-bulk-055', 'password', NOW(), 0, NOW(), NOW()),
  ('test-user-yoga-bulk-056', 'password', NOW(), 0, NOW(), NOW()),
  ('test-user-yoga-bulk-057', 'password', NOW(), 0, NOW(), NOW()),
  ('test-user-yoga-bulk-058', 'password', NOW(), 0, NOW(), NOW()),
  ('test-user-yoga-bulk-059', 'password', NOW(), 0, NOW(), NOW()),
  ('test-user-yoga-bulk-060', 'password', NOW(), 0, NOW(), NOW()),
  ('test-user-yoga-bulk-061', 'password', NOW(), 0, NOW(), NOW()),
  ('test-user-yoga-bulk-062', 'password', NOW(), 0, NOW(), NOW()),
  ('test-user-yoga-bulk-063', 'password', NOW(), 0, NOW(), NOW()),
  ('test-user-yoga-bulk-064', 'password', NOW(), 0, NOW(), NOW()),
  ('test-user-yoga-bulk-065', 'password', NOW(), 0, NOW(), NOW()),
  ('test-user-yoga-bulk-066', 'password', NOW(), 0, NOW(), NOW()),
  ('test-user-yoga-bulk-067', 'password', NOW(), 0, NOW(), NOW()),
  ('test-user-yoga-bulk-068', 'password', NOW(), 0, NOW(), NOW()),
  ('test-user-yoga-bulk-069', 'password', NOW(), 0, NOW(), NOW()),
  ('test-user-yoga-bulk-070', 'password', NOW(), 0, NOW(), NOW()),
  ('test-user-yoga-bulk-071', 'password', NOW(), 0, NOW(), NOW()),
  ('test-user-yoga-bulk-072', 'password', NOW(), 0, NOW(), NOW()),
  ('test-user-yoga-bulk-073', 'password', NOW(), 0, NOW(), NOW()),
  ('test-user-yoga-bulk-074', 'password', NOW(), 0, NOW(), NOW()),
  ('test-user-yoga-bulk-075', 'password', NOW(), 0, NOW(), NOW()),
  ('test-user-yoga-bulk-076', 'password', NOW(), 0, NOW(), NOW()),
  ('test-user-yoga-bulk-077', 'password', NOW(), 0, NOW(), NOW()),
  ('test-user-yoga-bulk-078', 'password', NOW(), 0, NOW(), NOW()),
  ('test-user-yoga-bulk-079', 'password', NOW(), 0, NOW(), NOW()),
  ('test-user-yoga-bulk-080', 'password', NOW(), 0, NOW(), NOW()),
  ('test-user-yoga-bulk-081', 'password', NOW(), 0, NOW(), NOW()),
  ('test-user-yoga-bulk-082', 'password', NOW(), 0, NOW(), NOW()),
  ('test-user-yoga-bulk-083', 'password', NOW(), 0, NOW(), NOW()),
  ('test-user-yoga-bulk-084', 'password', NOW(), 0, NOW(), NOW()),
  ('test-user-yoga-bulk-085', 'password', NOW(), 0, NOW(), NOW()),
  ('test-user-yoga-bulk-086', 'password', NOW(), 0, NOW(), NOW()),
  ('test-user-yoga-bulk-087', 'password', NOW(), 0, NOW(), NOW()),
  ('test-user-yoga-bulk-088', 'password', NOW(), 0, NOW(), NOW()),
  ('test-user-yoga-bulk-089', 'password', NOW(), 0, NOW(), NOW()),
  ('test-user-yoga-bulk-090', 'password', NOW(), 0, NOW(), NOW()),
  ('test-user-yoga-bulk-091', 'password', NOW(), 0, NOW(), NOW()),
  ('test-user-yoga-bulk-092', 'password', NOW(), 0, NOW(), NOW()),
  ('test-user-yoga-bulk-093', 'password', NOW(), 0, NOW(), NOW()),
  ('test-user-yoga-bulk-094', 'password', NOW(), 0, NOW(), NOW()),
  ('test-user-yoga-bulk-095', 'password', NOW(), 0, NOW(), NOW()),
  ('test-user-yoga-bulk-096', 'password', NOW(), 0, NOW(), NOW()),
  ('test-user-yoga-bulk-097', 'password', NOW(), 0, NOW(), NOW()),
  ('test-user-yoga-bulk-098', 'password', NOW(), 0, NOW(), NOW()),
  ('test-user-yoga-bulk-099', 'password', NOW(), 0, NOW(), NOW()),
  ('test-user-yoga-bulk-100', 'password', NOW(), 0, NOW(), NOW())
ON CONFLICT ("user_id") DO NOTHING;

-- ============================================================
-- 4. 朝ヨガサークルへのメンバーシップ（100人全員 MEMBER）
-- ============================================================

INSERT INTO "CommunityMembership" ("id", "communityId", "userId", "role", "joinedAt")
VALUES
  ('test-mbr-yoga-bulk-001', 'test-community-yoga-001', 'test-user-yoga-bulk-001', 'MEMBER', NOW() - INTERVAL '14 days'),
  ('test-mbr-yoga-bulk-002', 'test-community-yoga-001', 'test-user-yoga-bulk-002', 'MEMBER', NOW() - INTERVAL '14 days'),
  ('test-mbr-yoga-bulk-003', 'test-community-yoga-001', 'test-user-yoga-bulk-003', 'MEMBER', NOW() - INTERVAL '14 days'),
  ('test-mbr-yoga-bulk-004', 'test-community-yoga-001', 'test-user-yoga-bulk-004', 'MEMBER', NOW() - INTERVAL '14 days'),
  ('test-mbr-yoga-bulk-005', 'test-community-yoga-001', 'test-user-yoga-bulk-005', 'MEMBER', NOW() - INTERVAL '14 days'),
  ('test-mbr-yoga-bulk-006', 'test-community-yoga-001', 'test-user-yoga-bulk-006', 'MEMBER', NOW() - INTERVAL '13 days'),
  ('test-mbr-yoga-bulk-007', 'test-community-yoga-001', 'test-user-yoga-bulk-007', 'MEMBER', NOW() - INTERVAL '13 days'),
  ('test-mbr-yoga-bulk-008', 'test-community-yoga-001', 'test-user-yoga-bulk-008', 'MEMBER', NOW() - INTERVAL '13 days'),
  ('test-mbr-yoga-bulk-009', 'test-community-yoga-001', 'test-user-yoga-bulk-009', 'MEMBER', NOW() - INTERVAL '13 days'),
  ('test-mbr-yoga-bulk-010', 'test-community-yoga-001', 'test-user-yoga-bulk-010', 'MEMBER', NOW() - INTERVAL '13 days'),
  ('test-mbr-yoga-bulk-011', 'test-community-yoga-001', 'test-user-yoga-bulk-011', 'MEMBER', NOW() - INTERVAL '13 days'),
  ('test-mbr-yoga-bulk-012', 'test-community-yoga-001', 'test-user-yoga-bulk-012', 'MEMBER', NOW() - INTERVAL '12 days'),
  ('test-mbr-yoga-bulk-013', 'test-community-yoga-001', 'test-user-yoga-bulk-013', 'MEMBER', NOW() - INTERVAL '12 days'),
  ('test-mbr-yoga-bulk-014', 'test-community-yoga-001', 'test-user-yoga-bulk-014', 'MEMBER', NOW() - INTERVAL '12 days'),
  ('test-mbr-yoga-bulk-015', 'test-community-yoga-001', 'test-user-yoga-bulk-015', 'MEMBER', NOW() - INTERVAL '12 days'),
  ('test-mbr-yoga-bulk-016', 'test-community-yoga-001', 'test-user-yoga-bulk-016', 'MEMBER', NOW() - INTERVAL '12 days'),
  ('test-mbr-yoga-bulk-017', 'test-community-yoga-001', 'test-user-yoga-bulk-017', 'MEMBER', NOW() - INTERVAL '12 days'),
  ('test-mbr-yoga-bulk-018', 'test-community-yoga-001', 'test-user-yoga-bulk-018', 'MEMBER', NOW() - INTERVAL '11 days'),
  ('test-mbr-yoga-bulk-019', 'test-community-yoga-001', 'test-user-yoga-bulk-019', 'MEMBER', NOW() - INTERVAL '11 days'),
  ('test-mbr-yoga-bulk-020', 'test-community-yoga-001', 'test-user-yoga-bulk-020', 'MEMBER', NOW() - INTERVAL '11 days'),
  ('test-mbr-yoga-bulk-021', 'test-community-yoga-001', 'test-user-yoga-bulk-021', 'MEMBER', NOW() - INTERVAL '11 days'),
  ('test-mbr-yoga-bulk-022', 'test-community-yoga-001', 'test-user-yoga-bulk-022', 'MEMBER', NOW() - INTERVAL '11 days'),
  ('test-mbr-yoga-bulk-023', 'test-community-yoga-001', 'test-user-yoga-bulk-023', 'MEMBER', NOW() - INTERVAL '11 days'),
  ('test-mbr-yoga-bulk-024', 'test-community-yoga-001', 'test-user-yoga-bulk-024', 'MEMBER', NOW() - INTERVAL '10 days'),
  ('test-mbr-yoga-bulk-025', 'test-community-yoga-001', 'test-user-yoga-bulk-025', 'MEMBER', NOW() - INTERVAL '10 days'),
  ('test-mbr-yoga-bulk-026', 'test-community-yoga-001', 'test-user-yoga-bulk-026', 'MEMBER', NOW() - INTERVAL '10 days'),
  ('test-mbr-yoga-bulk-027', 'test-community-yoga-001', 'test-user-yoga-bulk-027', 'MEMBER', NOW() - INTERVAL '10 days'),
  ('test-mbr-yoga-bulk-028', 'test-community-yoga-001', 'test-user-yoga-bulk-028', 'MEMBER', NOW() - INTERVAL '10 days'),
  ('test-mbr-yoga-bulk-029', 'test-community-yoga-001', 'test-user-yoga-bulk-029', 'MEMBER', NOW() - INTERVAL '10 days'),
  ('test-mbr-yoga-bulk-030', 'test-community-yoga-001', 'test-user-yoga-bulk-030', 'MEMBER', NOW() - INTERVAL '9 days'),
  ('test-mbr-yoga-bulk-031', 'test-community-yoga-001', 'test-user-yoga-bulk-031', 'MEMBER', NOW() - INTERVAL '9 days'),
  ('test-mbr-yoga-bulk-032', 'test-community-yoga-001', 'test-user-yoga-bulk-032', 'MEMBER', NOW() - INTERVAL '9 days'),
  ('test-mbr-yoga-bulk-033', 'test-community-yoga-001', 'test-user-yoga-bulk-033', 'MEMBER', NOW() - INTERVAL '9 days'),
  ('test-mbr-yoga-bulk-034', 'test-community-yoga-001', 'test-user-yoga-bulk-034', 'MEMBER', NOW() - INTERVAL '9 days'),
  ('test-mbr-yoga-bulk-035', 'test-community-yoga-001', 'test-user-yoga-bulk-035', 'MEMBER', NOW() - INTERVAL '9 days'),
  ('test-mbr-yoga-bulk-036', 'test-community-yoga-001', 'test-user-yoga-bulk-036', 'MEMBER', NOW() - INTERVAL '8 days'),
  ('test-mbr-yoga-bulk-037', 'test-community-yoga-001', 'test-user-yoga-bulk-037', 'MEMBER', NOW() - INTERVAL '8 days'),
  ('test-mbr-yoga-bulk-038', 'test-community-yoga-001', 'test-user-yoga-bulk-038', 'MEMBER', NOW() - INTERVAL '8 days'),
  ('test-mbr-yoga-bulk-039', 'test-community-yoga-001', 'test-user-yoga-bulk-039', 'MEMBER', NOW() - INTERVAL '8 days'),
  ('test-mbr-yoga-bulk-040', 'test-community-yoga-001', 'test-user-yoga-bulk-040', 'MEMBER', NOW() - INTERVAL '8 days'),
  ('test-mbr-yoga-bulk-041', 'test-community-yoga-001', 'test-user-yoga-bulk-041', 'MEMBER', NOW() - INTERVAL '8 days'),
  ('test-mbr-yoga-bulk-042', 'test-community-yoga-001', 'test-user-yoga-bulk-042', 'MEMBER', NOW() - INTERVAL '7 days'),
  ('test-mbr-yoga-bulk-043', 'test-community-yoga-001', 'test-user-yoga-bulk-043', 'MEMBER', NOW() - INTERVAL '7 days'),
  ('test-mbr-yoga-bulk-044', 'test-community-yoga-001', 'test-user-yoga-bulk-044', 'MEMBER', NOW() - INTERVAL '7 days'),
  ('test-mbr-yoga-bulk-045', 'test-community-yoga-001', 'test-user-yoga-bulk-045', 'MEMBER', NOW() - INTERVAL '7 days'),
  ('test-mbr-yoga-bulk-046', 'test-community-yoga-001', 'test-user-yoga-bulk-046', 'MEMBER', NOW() - INTERVAL '7 days'),
  ('test-mbr-yoga-bulk-047', 'test-community-yoga-001', 'test-user-yoga-bulk-047', 'MEMBER', NOW() - INTERVAL '7 days'),
  ('test-mbr-yoga-bulk-048', 'test-community-yoga-001', 'test-user-yoga-bulk-048', 'MEMBER', NOW() - INTERVAL '6 days'),
  ('test-mbr-yoga-bulk-049', 'test-community-yoga-001', 'test-user-yoga-bulk-049', 'MEMBER', NOW() - INTERVAL '6 days'),
  ('test-mbr-yoga-bulk-050', 'test-community-yoga-001', 'test-user-yoga-bulk-050', 'MEMBER', NOW() - INTERVAL '6 days'),
  ('test-mbr-yoga-bulk-051', 'test-community-yoga-001', 'test-user-yoga-bulk-051', 'MEMBER', NOW() - INTERVAL '6 days'),
  ('test-mbr-yoga-bulk-052', 'test-community-yoga-001', 'test-user-yoga-bulk-052', 'MEMBER', NOW() - INTERVAL '6 days'),
  ('test-mbr-yoga-bulk-053', 'test-community-yoga-001', 'test-user-yoga-bulk-053', 'MEMBER', NOW() - INTERVAL '6 days'),
  ('test-mbr-yoga-bulk-054', 'test-community-yoga-001', 'test-user-yoga-bulk-054', 'MEMBER', NOW() - INTERVAL '5 days'),
  ('test-mbr-yoga-bulk-055', 'test-community-yoga-001', 'test-user-yoga-bulk-055', 'MEMBER', NOW() - INTERVAL '5 days'),
  ('test-mbr-yoga-bulk-056', 'test-community-yoga-001', 'test-user-yoga-bulk-056', 'MEMBER', NOW() - INTERVAL '5 days'),
  ('test-mbr-yoga-bulk-057', 'test-community-yoga-001', 'test-user-yoga-bulk-057', 'MEMBER', NOW() - INTERVAL '5 days'),
  ('test-mbr-yoga-bulk-058', 'test-community-yoga-001', 'test-user-yoga-bulk-058', 'MEMBER', NOW() - INTERVAL '5 days'),
  ('test-mbr-yoga-bulk-059', 'test-community-yoga-001', 'test-user-yoga-bulk-059', 'MEMBER', NOW() - INTERVAL '5 days'),
  ('test-mbr-yoga-bulk-060', 'test-community-yoga-001', 'test-user-yoga-bulk-060', 'MEMBER', NOW() - INTERVAL '4 days'),
  ('test-mbr-yoga-bulk-061', 'test-community-yoga-001', 'test-user-yoga-bulk-061', 'MEMBER', NOW() - INTERVAL '4 days'),
  ('test-mbr-yoga-bulk-062', 'test-community-yoga-001', 'test-user-yoga-bulk-062', 'MEMBER', NOW() - INTERVAL '4 days'),
  ('test-mbr-yoga-bulk-063', 'test-community-yoga-001', 'test-user-yoga-bulk-063', 'MEMBER', NOW() - INTERVAL '4 days'),
  ('test-mbr-yoga-bulk-064', 'test-community-yoga-001', 'test-user-yoga-bulk-064', 'MEMBER', NOW() - INTERVAL '4 days'),
  ('test-mbr-yoga-bulk-065', 'test-community-yoga-001', 'test-user-yoga-bulk-065', 'MEMBER', NOW() - INTERVAL '4 days'),
  ('test-mbr-yoga-bulk-066', 'test-community-yoga-001', 'test-user-yoga-bulk-066', 'MEMBER', NOW() - INTERVAL '3 days'),
  ('test-mbr-yoga-bulk-067', 'test-community-yoga-001', 'test-user-yoga-bulk-067', 'MEMBER', NOW() - INTERVAL '3 days'),
  ('test-mbr-yoga-bulk-068', 'test-community-yoga-001', 'test-user-yoga-bulk-068', 'MEMBER', NOW() - INTERVAL '3 days'),
  ('test-mbr-yoga-bulk-069', 'test-community-yoga-001', 'test-user-yoga-bulk-069', 'MEMBER', NOW() - INTERVAL '3 days'),
  ('test-mbr-yoga-bulk-070', 'test-community-yoga-001', 'test-user-yoga-bulk-070', 'MEMBER', NOW() - INTERVAL '3 days'),
  ('test-mbr-yoga-bulk-071', 'test-community-yoga-001', 'test-user-yoga-bulk-071', 'MEMBER', NOW() - INTERVAL '3 days'),
  ('test-mbr-yoga-bulk-072', 'test-community-yoga-001', 'test-user-yoga-bulk-072', 'MEMBER', NOW() - INTERVAL '2 days'),
  ('test-mbr-yoga-bulk-073', 'test-community-yoga-001', 'test-user-yoga-bulk-073', 'MEMBER', NOW() - INTERVAL '2 days'),
  ('test-mbr-yoga-bulk-074', 'test-community-yoga-001', 'test-user-yoga-bulk-074', 'MEMBER', NOW() - INTERVAL '2 days'),
  ('test-mbr-yoga-bulk-075', 'test-community-yoga-001', 'test-user-yoga-bulk-075', 'MEMBER', NOW() - INTERVAL '2 days'),
  ('test-mbr-yoga-bulk-076', 'test-community-yoga-001', 'test-user-yoga-bulk-076', 'MEMBER', NOW() - INTERVAL '2 days'),
  ('test-mbr-yoga-bulk-077', 'test-community-yoga-001', 'test-user-yoga-bulk-077', 'MEMBER', NOW() - INTERVAL '2 days'),
  ('test-mbr-yoga-bulk-078', 'test-community-yoga-001', 'test-user-yoga-bulk-078', 'MEMBER', NOW() - INTERVAL '1 day'),
  ('test-mbr-yoga-bulk-079', 'test-community-yoga-001', 'test-user-yoga-bulk-079', 'MEMBER', NOW() - INTERVAL '1 day'),
  ('test-mbr-yoga-bulk-080', 'test-community-yoga-001', 'test-user-yoga-bulk-080', 'MEMBER', NOW() - INTERVAL '1 day'),
  ('test-mbr-yoga-bulk-081', 'test-community-yoga-001', 'test-user-yoga-bulk-081', 'MEMBER', NOW() - INTERVAL '1 day'),
  ('test-mbr-yoga-bulk-082', 'test-community-yoga-001', 'test-user-yoga-bulk-082', 'MEMBER', NOW() - INTERVAL '1 day'),
  ('test-mbr-yoga-bulk-083', 'test-community-yoga-001', 'test-user-yoga-bulk-083', 'MEMBER', NOW() - INTERVAL '1 day'),
  ('test-mbr-yoga-bulk-084', 'test-community-yoga-001', 'test-user-yoga-bulk-084', 'MEMBER', NOW() - INTERVAL '12 hours'),
  ('test-mbr-yoga-bulk-085', 'test-community-yoga-001', 'test-user-yoga-bulk-085', 'MEMBER', NOW() - INTERVAL '12 hours'),
  ('test-mbr-yoga-bulk-086', 'test-community-yoga-001', 'test-user-yoga-bulk-086', 'MEMBER', NOW() - INTERVAL '12 hours'),
  ('test-mbr-yoga-bulk-087', 'test-community-yoga-001', 'test-user-yoga-bulk-087', 'MEMBER', NOW() - INTERVAL '12 hours'),
  ('test-mbr-yoga-bulk-088', 'test-community-yoga-001', 'test-user-yoga-bulk-088', 'MEMBER', NOW() - INTERVAL '12 hours'),
  ('test-mbr-yoga-bulk-089', 'test-community-yoga-001', 'test-user-yoga-bulk-089', 'MEMBER', NOW() - INTERVAL '12 hours'),
  ('test-mbr-yoga-bulk-090', 'test-community-yoga-001', 'test-user-yoga-bulk-090', 'MEMBER', NOW() - INTERVAL '6 hours'),
  ('test-mbr-yoga-bulk-091', 'test-community-yoga-001', 'test-user-yoga-bulk-091', 'MEMBER', NOW() - INTERVAL '6 hours'),
  ('test-mbr-yoga-bulk-092', 'test-community-yoga-001', 'test-user-yoga-bulk-092', 'MEMBER', NOW() - INTERVAL '6 hours'),
  ('test-mbr-yoga-bulk-093', 'test-community-yoga-001', 'test-user-yoga-bulk-093', 'MEMBER', NOW() - INTERVAL '6 hours'),
  ('test-mbr-yoga-bulk-094', 'test-community-yoga-001', 'test-user-yoga-bulk-094', 'MEMBER', NOW() - INTERVAL '6 hours'),
  ('test-mbr-yoga-bulk-095', 'test-community-yoga-001', 'test-user-yoga-bulk-095', 'MEMBER', NOW() - INTERVAL '6 hours'),
  ('test-mbr-yoga-bulk-096', 'test-community-yoga-001', 'test-user-yoga-bulk-096', 'MEMBER', NOW() - INTERVAL '3 hours'),
  ('test-mbr-yoga-bulk-097', 'test-community-yoga-001', 'test-user-yoga-bulk-097', 'MEMBER', NOW() - INTERVAL '3 hours'),
  ('test-mbr-yoga-bulk-098', 'test-community-yoga-001', 'test-user-yoga-bulk-098', 'MEMBER', NOW() - INTERVAL '3 hours'),
  ('test-mbr-yoga-bulk-099', 'test-community-yoga-001', 'test-user-yoga-bulk-099', 'MEMBER', NOW() - INTERVAL '3 hours'),
  ('test-mbr-yoga-bulk-100', 'test-community-yoga-001', 'test-user-yoga-bulk-100', 'MEMBER', NOW() - INTERVAL '3 hours')
ON CONFLICT ("id") DO NOTHING;

COMMIT;

-- ============================================================
-- 確認クエリ
-- ============================================================
-- SELECT COUNT(*) FROM "CommunityMembership" WHERE "communityId" = 'test-community-yoga-001';
-- SELECT COUNT(*) FROM "User" WHERE "id" LIKE 'test-user-yoga-bulk-%';

-- ============================================================
-- 削除用（必要時にコメント解除して実行）
-- ============================================================
-- BEGIN;
-- DELETE FROM "CommunityMembership" WHERE "id" LIKE 'test-mbr-yoga-bulk-%';
-- DELETE FROM "PasswordCredential" WHERE "userId" LIKE 'test-user-yoga-bulk-%';
-- DELETE FROM "auth_security_states" WHERE "user_id" LIKE 'test-user-yoga-bulk-%';
-- DELETE FROM "User" WHERE "id" LIKE 'test-user-yoga-bulk-%';
-- COMMIT;
